rows,text,date,number,type
10,1,0,2,9
5,2,0,0,16
9,1,0,4,8
4,1,0,4,8
8,1,0,0,14
4,1,0,4,8
6,1,0,5,18
12,5,0,0,10
6,1,0,2,8
1,1,0,5,14
8,1,0,2,14
8,1,0,2,8
12,2,0,2,13
4,1,0,2,17
9,5,0,0,13
9,5,0,0,13
333,0,1,3,24
442,0,1,2,24
14,1,0,2,18
94,1,0,2,14
65,2,0,1,14
691,1,0,0,14
19,2,0,3,10
22,2,0,4,13
21,1,0,0,14
144,1,1,0,24
5,1,0,4,9
122,1,0,0,18
34,1,0,0,6
6,1,0,0,9
8,1,0,0,9
6,1,0,4,16
54,0,0,2,14
47,0,0,0,14
7,2,0,0,16
4,1,0,0,16
11,2,0,1,10
3,1,0,8,14
3,1,0,2,9
6,1,0,2,9
2,1,0,3,14
8,1,0,5,14
4,1,0,5,14
4,1,0,2,14
4,1,0,4,9
6,1,0,2,9
13,1,0,3,14
3,1,0,4,9
54,0,0,0,14
13,1,0,3,14
8,1,0,3,9
7,1,0,3,16
11,0,1,2,14
10,1,0,0,13
19,1,0,0,13
11,3,0,0,13
3,1,0,4,8
4,1,0,1,16
3,3,0,0,13
6,4,0,0,13
1,1,0,50,14
10,8,0,0,13
8,1,0,2,14
7,1,0,6,12
4,1,0,4,13
70,0,1,0,24
69,1,0,2,1
9,1,0,1,8
30,0,1,5,24
8,2,0,1,9
11,2,1,6,1
1,1,0,3,16
132,1,0,5,2
2,1,0,3,16
39,3,0,0,13
26,1,0,0,10
4,1,0,4,8
7,3,0,0,13
54,1,1,4,8
38,0,0,2,8
49,0,0,5,14
67,1,0,1,8
7,1,0,1,9
23,1,0,1,9
7,2,0,17,10
2,1,0,2,4
13,1,0,4,14
6,1,0,3,10
12,1,0,2,1
11,1,0,2,12
10,1,0,1,8
5,1,0,2,9
5,1,0,4,13
55,2,0,0,14
5,1,0,4,9
6,1,0,3,9
3,1,0,1,8
5,1,0,1,8
5,1,0,1,8
9,2,0,0,8
6,1,0,0,16
10,1,0,0,16
10,1,0,1,8
7,1,0,1,8
4,1,0,2,9
7,1,0,0,16
38,4,0,1,13
5,2,0,0,8
5,1,0,1,16
2,1,0,0,16
6,1,0,3,16
4,1,0,0,16
4,1,0,0,16
11,1,0,3,9
17,1,0,1,14
3,2,0,1,11
3,2,0,1,25
4,1,0,11,9
1,1,0,8,5
7,1,0,1,9
3,1,0,8,8
7,1,0,1,9
5,1,0,3,10
67,0,0,5,14
7,1,0,5,24
2,1,0,2,16
7,2,0,2,8
3,1,0,2,8
2,1,0,5,14
5,1,0,5,14
3,1,0,31,14
9,2,0,4,9
5,1,0,2,8
50,1,0,10,14
1,0,0,5,4
1,2,0,12,4
5,1,0,9,10
46,0,0,3,14
18,1,0,0,6
18,4,0,0,13
67,0,1,0,24
18,0,1,2,23
16,8,0,0,13
4,1,0,4,14
6,1,0,2,10
6,1,0,1,8
98,0,1,2,24
6,1,0,2,10
32,1,0,4,14
1,1,0,2,4
59,1,0,3,14
6,1,0,1,8
4,1,0,1,16
6,1,0,2,16
28,0,0,5,14
5,1,0,0,9
1,1,0,2,4
13,2,0,0,13
1,1,0,3,4
1,1,0,3,4
1,1,0,3,4
1,1,0,3,4
55,0,0,3,14
101,0,0,7,2
55,0,0,3,14
10,1,0,2,14
8,1,0,4,12
1,1,0,9,10
2,1,0,5,19
21,3,0,2,17
8,1,0,56,14
32,1,0,2,8
11,1,0,3,12
10,0,0,8,14
16,0,0,3,12
21,2,0,0,13
55,0,0,3,14
32,1,0,2,19
2,1,0,1,16
19,5,0,0,13
13,4,0,0,13
211,0,1,20,25
32,1,0,2,8
7,1,0,5,9
7,1,0,1,9
3,2,0,0,13
400,1,0,2,18
1,1,0,2,4
1,1,0,2,4
2,1,0,7,8
2,1,0,7,8
2,1,0,7,8
2,1,0,7,8
2,1,0,7,8
2,1,0,7,8
2,1,0,7,8
2,1,0,7,8
2,1,0,7,8
2,1,0,7,8
2,1,0,7,8
36,1,0,4,14
3679,0,1,0,24
14,3,0,3,10
29,2,0,3,10
21,4,0,0,13
7,1,0,1,10
281,0,1,1,24
5,3,0,1,8
25,1,0,3,13
9,1,0,1,13
10,2,0,1,8
210,0,1,1,24
2,1,0,0,4
63,0,1,6,24
63,0,1,6,18
1,0,0,51,14
52,2,1,16,24
224,0,1,2,24
8,3,0,0,13
335,0,1,2,24
14,3,0,0,13
282,0,1,1,24
282,0,1,1,24
4,1,0,0,8
8,8,0,2,13
4,1,0,0,9
4,1,0,0,8
4,1,0,2,9
2,1,0,0,8
141,0,0,0,20
167,2,0,2,18
11,1,0,12,8
5,4,0,0,13
11,3,0,0,13
3,3,0,0,13
6,1,0,1,2
5,6,0,0,13
3,5,0,0,13
69,0,0,2,1
4,1,0,4,8
2,4,0,0,13
90,0,0,2,18
4,1,0,4,8
3,1,0,0,5
3679,0,1,0,24
77,0,1,1,24
4,1,0,4,8
3,2,0,6,8
14,3,0,0,13
6,4,0,0,13
331,0,1,2,23
1,0,1,4,16
3,4,0,0,13
10,1,0,1,4
3,2,0,1,11
55,0,0,3,14
18,1,0,2,17
16,1,0,2,13
12,2,1,16,24
4,1,0,2,6
6,5,0,0,13
32,1,0,2,18
7,1,0,1,4
55,0,0,3,14
8,4,0,0,13
3,1,0,9,2
10,0,0,3,14
6,2,0,0,13
2,1,0,1,16
4,1,0,7,10
5,1,0,4,10
4,1,0,0,8
62,0,0,16,14
63,0,0,1,14
2,1,0,4,4
1,1,0,35,14
17,3,0,0,5
3,1,0,12,14
19,0,0,1,14
5,3,0,2,9
10,0,0,2,14
3,0,0,2,8
1,1,0,3,5
4,1,0,2,9
3,1,0,2,9
2,1,0,2,8
5,1,0,2,8
1,1,0,10,14
6,1,0,2,16
4,1,0,4,8
88,0,1,2,24
11,4,0,0,13
4,1,0,4,13
5,1,0,5,8
45,4,0,1,13
90,5,0,1,13
9,1,0,1,4
4,1,0,4,9
4,1,0,4,8
5,1,0,2,8
6,1,0,3,8
4,1,0,4,8
4,3,0,3,4
3,1,0,1,4
6,1,0,8,6
10,1,0,8,6
4,1,0,4,8
11,1,0,1,4
7,1,0,1,14
13,0,0,3,14
40,0,0,2,14
10,1,0,2,20
10,1,0,2,20
5,1,0,1,16
1,1,0,5,8
1,1,0,3,8
1,1,0,2,16
4,1,0,2,9
1,1,0,4,8
1,1,0,3,8
4,8,0,7,8
4,8,0,7,6
7,1,0,1,9
1,1,0,2,8
5,1,0,1,4
1,1,0,4,8
1,1,0,2,8
14,3,0,0,13
2,1,0,1,16
4,1,0,6,9
1,1,0,6,8
1,1,0,2,8
3,1,0,0,8
-1,3,0,0,13
1,0,0,51,14
3,1,0,2,14
7,2,0,0,13
10,1,0,0,13
36,3,0,0,13
31,7,0,0,13
18,4,0,0,13
5,1,0,8,16
4,2,0,4,14
4,2,0,4,1
4,1,0,4,8
36,3,0,0,13
4,1,0,4,20
4,1,0,6,6
4,1,0,4,8
4,1,0,2,16
10,1,0,0,8
1,1,0,8,8
12,1,0,2,4
50,1,0,2,18
4,5,0,0,13
12901,0,1,1,22
8,3,0,0,13
7,1,0,1,8
3,1,0,2,8
13,1,0,1,8
12,1,0,1,8
6,2,0,0,13
57,0,1,1,25
2,1,0,3,8
1,1,0,3,8
1,1,0,5,8
7,6,0,0,13
5,6,0,1,16
1,1,0,3,8
2,1,0,1,16
3,1,0,4,8
187,2,0,3,18
8,0,0,4,14
3,2,0,4,8
10,1,0,2,9
6,3,0,0,13
1,1,0,2,8
1,1,0,3,8
1,1,0,8,20
10,1,0,2,20
7,1,0,2,4
3,1,0,2,8
1,1,0,4,8
2,1,0,2,18
1,1,0,5,8
9,1,0,1,8
60,0,0,2,14
34,3,0,0,13
32,2,0,3,7
1138,2,1,16,13
49,1,0,1,9
3,1,0,3,9
3,1,0,3,9
1647,9,0,1,9
3,1,0,6,16
5,1,0,2,8
10,2,0,5,9
1,1,0,3,9
4,1,0,2,10
19,1,0,0,13
5,0,0,4,14
6,0,0,4,14
6,0,0,4,14
6,0,0,2,14
6,0,0,3,14
9,1,0,2,17
1,1,0,5,8
10,2,0,1,8
58,1,1,1,24
7,2,0,2,9
12,1,0,2,1
4,1,0,3,8
4,1,0,4,8
4,1,0,4,8
11,2,0,0,4
1,1,0,5,8
5,1,0,1,8
6,2,0,2,9
34,1,0,0,14
4,1,0,4,14
13,1,0,3,12
10,1,0,0,6
13,1,0,0,2
10,1,0,0,16
24,1,0,0,2
2,1,0,0,16
6,1,0,1,16
4,1,0,3,8
21,0,0,1,14
19,1,0,1,3
21,0,0,1,14
11,1,0,0,4
37,4,0,0,13
167,2,0,2,18
20,1,0,0,4
27,1,0,1,6
26,7,0,0,8
10,2,0,0,14
9,3,0,0,13
6,4,0,0,13
4,6,0,0,13
5,3,0,0,13
4,2,0,0,13
1191,0,1,1,24
11,2,0,0,13
75,4,1,0,24
18,4,0,0,13
9,1,0,1,4
20,0,0,4,13
8,1,0,2,13
4,1,0,4,8
6,3,0,0,13
12,21,0,0,8
4,1,0,3,8
7,1,0,2,8
4,1,0,4,8
5,1,0,2,1
26,1,0,0,10
11,1,0,2,14
12,2,0,1,5
7,1,0,2,4
6,5,0,0,13
1,1,0,6,16
2,1,0,8,6
4,1,0,55,14
47,1,0,1,9
5,1,0,2,9
13,1,0,2,9
8,1,0,6,14
13,1,0,4,10
22,1,0,3,10
43,1,0,1,14
30,2,0,6,10
1,1,0,6,16
47,3,0,4,9
9,1,0,19,14
12,1,0,2,9
1,1,0,8,8
20,1,0,1,4
2,1,0,7,8
146,1,0,2,18
10,1,0,1,6
8,2,0,2,9
277,0,1,1,24
14,3,0,3,10
3,1,0,5,8
13,1,0,2,5
6,1,0,0,9
48,0,1,2,23
9,1,0,29,14
4,1,0,2,6
1,1,0,6,8
12,1,0,2,12
75,1,1,1,24
321,0,1,2,12
5,1,0,6,9
5,0,0,5,14
167,2,0,2,18
13,1,0,2,5
23,3,0,1,13
2,1,0,4,16
847,0,1,1,24
187,3,0,2,12
5,1,0,3,10
11,0,0,2,14
2,1,0,2,16
121,0,1,1,24
4,2,0,3,16
24,1,0,4,12
66,0,1,7,24
32,1,0,3,8
69,2,0,4,10
1,1,0,15,8
55,0,0,3,14
16,0,0,3,19
2,1,1,2,8
7,1,0,4,4
10,2,0,0,13
9,1,0,1,16
6,1,0,1,8
3,3,0,0,13
12,1,0,1,4
6,4,0,0,13
4,2,0,0,8
2,1,0,2,9
4,1,0,4,13
320,0,1,2,24
7,1,0,0,16
3,1,0,2,9
4,1,0,4,8
2,1,0,1,16
54,0,1,4,24
4,1,0,4,23
4,1,0,4,23
4,1,0,4,23
18,1,0,2,17
23,11,1,1,23
561,0,1,1,24
7,1,0,1,9
8,1,0,4,14
2,1,0,8,4
11,1,0,2,12
29,1,0,5,14
87,1,1,3,14
4,1,0,5,8
18,1,0,4,14
1,1,0,0,14
15,4,0,0,13
141,0,0,0,14
819,0,1,1,14
13,3,0,5,13
1,1,0,8,4
6,1,0,2,4
7,2,0,1,14
5,1,0,1,14
7,1,0,2,8
5,1,0,5,8
7,1,0,10,6
19,0,0,2,12
22,1,0,2,14
1,1,0,7,16
6,1,0,1,4
4,1,0,3,8
7,1,0,2,14
2,1,0,4,8
6,1,0,2,14
6,1,0,2,14
4,1,0,4,14
36,3,0,0,13
12,0,0,7,9
2609,0,1,1,24
23,0,0,2,14
3679,1,0,0,16
561,0,1,2,16
553,1,0,2,16
4,1,0,4,8
9,3,0,0,13
7,1,0,1,16
4,1,0,4,13
167,0,1,1,24
25,0,0,3,24
21,1,0,0,4
23,1,0,3,8
10,1,0,2,4
6,1,0,2,12
45,0,0,0,14
4,1,0,4,14
7,1,0,1,16
11,1,0,1,16
1,1,0,9,4
8,2,0,1,17
23,1,0,2,19
2,1,0,2,8
25,1,0,3,14
4,1,0,4,8
11,1,0,1,8
3,1,0,18,9
10,1,0,0,8
6,1,0,3,8
11,1,0,0,8
12,1,0,1,14
6,2,0,2,12
7,1,0,1,9
10,1,0,1,4
10,0,1,1,8
10,1,1,0,14
3,2,0,1,11
7,2,0,1,9
13,1,0,1,8
10,3,0,0,9
8,0,0,2,14
16,1,0,2,13
7,1,0,6,8
4,1,0,7,10
65,0,1,5,24
324,0,1,1,24
3,2,0,2,8
16,1,0,2,13
6,1,0,2,9
5,1,0,4,6
65,0,1,5,24
18,0,0,4,14
9,1,0,2,14
17,1,0,1,14
16,3,0,0,13
10,2,0,0,13
9,6,0,0,13
3,1,0,6,6
10,1,0,0,13
12,1,0,2,10
4,1,0,4,8
4,0,0,7,14
13,1,0,5,14
21,0,1,3,14
7,1,0,3,5
13,2,0,1,13
42,0,0,0,3
31,0,0,0,8
4,1,0,2,16
4,1,0,4,8
4,1,0,4,8
4,1,0,4,8
4,1,0,4,8
16,2,0,3,13
10,3,0,0,13
4,1,0,4,17
22,4,0,0,13
23,4,0,0,13
8,1,0,1,8
2,1,0,1,16
100,0,0,0,12
4,1,0,4,8
4,1,0,4,8
48,1,0,0,14
840,0,1,1,24
4,1,0,4,8
78,0,1,1,24
4,1,0,4,8
121,0,1,1,24
5,1,0,4,16
5,1,0,4,16
5,1,0,4,16
5,1,0,4,16
4,2,0,0,13
22,0,0,2,14
2,1,0,2,9
13,1,0,1,4
4,1,0,4,8
5,1,0,5,14
50,1,0,2,18
50,1,0,2,18
1,1,0,0,4
50,1,0,2,18
38,1,0,2,18
50,1,0,2,18
50,1,0,2,18
9,1,0,1,8
42,1,0,1,8
2,1,0,2,8
81,0,0,0,14
7,6,0,0,13
6,4,0,0,13
7,1,0,1,16
7,1,0,2,8
3,1,0,2,8
10,1,0,1,13
3,1,0,1,16
6,1,0,2,8
2,1,0,4,8
69,1,0,0,14
1,1,0,7,8
8,1,0,2,8
5,1,0,2,8
5,1,0,2,16
1,1,0,2,16
4,1,0,5,10
96,0,0,4,12
61,0,0,3,3
11,1,0,2,12
31,0,1,3,14
5,2,0,1,16
11,1,0,0,2
11,1,0,0,14
4,1,0,0,9
3,1,0,2,8
14,1,0,1,8
14,1,0,2,4
16,1,0,4,14
3,1,0,1,4
56,1,0,2,18
18,1,0,2,18
496,0,1,3,24
73,0,0,6,14
877,0,1,2,14
64,1,0,3,14
145,0,1,2,8
6,1,0,8,12
15,0,0,2,2
5,1,0,0,9
4,1,0,1,4
5,1,0,1,16
5,1,0,1,16
5,1,0,1,16
5,1,0,1,16
9,2,0,2,9
2,1,0,3,8
7,1,0,1,9
41,1,0,1,5
55,0,0,3,14
4,1,0,21,14
4,1,0,7,10
7,1,0,1,16
2,1,0,1,16
16,1,0,2,13
5,2,0,57,19
55,0,0,3,14
55,0,0,3,14
55,0,0,3,14
7,1,0,1,4
16,1,0,2,13
32,1,0,2,18
7,1,0,1,8
5,1,0,3,8
728,0,1,2,24
4,1,0,7,10
7,1,0,1,9
4,1,0,7,10
4,0,0,7,10
7,1,0,1,9
35,0,1,6,24
434,0,1,2,24
7,1,0,1,9
7,2,0,3,10
3679,0,1,10,24
6,2,0,3,16
4,1,0,7,10
6,2,0,3,19
18,4,0,0,13
1,1,0,28,4
10,2,0,1,16
20,1,0,1,4
28,1,0,2,4
22,1,0,4,14
27,1,0,0,14
5,1,0,0,8
75,1,0,0,14
5,1,0,2,4
49,1,0,5,14
4,1,0,1,8
8,0,0,0,14
7,1,0,4,13
20,1,0,1,4
12,1,0,1,4
8,1,0,2,2
85,1,0,5,2
38,1,0,1,15
1,1,0,6,8
13,2,0,0,13
55,0,0,3,4
7,1,0,2,9
6,1,0,3,8
13,1,0,3,8
3,1,0,1,9
18,1,0,3,8
7,2,0,2,9
7,1,0,1,9
48,0,1,2,14
7,1,0,1,9
3,1,0,1,14
8,1,0,2,10
55,0,0,3,14
8,1,0,2,18
44,0,1,2,14
4,1,0,3,10
11,4,0,0,13
1,1,0,2,4
7,1,0,1,4
116,1,0,3,14
7,1,0,1,4
3,1,0,25,14
30,1,0,2,1
3,1,0,25,14
69,0,1,1,18
121,0,1,20,25
49,0,1,20,20
2,1,0,2,9
25,1,0,3,14
41,1,0,2,14
22,1,0,2,12
451,0,1,2,23
49,1,0,2,14
1,1,0,5,16
9,1,0,1,5
12,1,0,0,5
19,1,0,1,14
13,1,0,4,14
15,1,0,0,5
1,1,0,8,16
10,1,0,1,1
30,0,1,6,24
13,1,0,2,14
24,1,0,2,14
6,1,0,2,5
324,0,1,1,24
14,2,0,1,4
1,1,0,0,4
72,0,1,0,24
31,0,1,0,24
7,1,0,1,9
4,1,0,7,10
7,1,0,1,9
6,2,0,3,8
117,1,0,6,14
12837,0,1,1,25
8,1,0,2,20
1,5,2,5,8
18,2,0,0,13
4,1,0,2,9
8,1,0,2,6
3,2,0,1,9
5,1,0,7,8
7,1,0,1,4
230,0,0,8,12
7,1,0,1,9
10,1,0,2,14
3,1,0,25,14
9,1,0,1,5
1,1,0,9,5
7,1,0,1,14
5,1,0,0,9
71,0,0,3,14
17,1,0,0,9
57,1,0,1,14
96,0,1,2,14
4,1,0,4,13
102,1,0,3,14
14,2,0,1,4
6,1,0,0,9
14,0,1,1,24
1,1,0,8,16
10,4,0,0,13
7,3,0,0,13
11,4,0,0,13
5,2,0,0,16
5,0,0,2,8
835,0,1,2,24
5,1,0,6,19
58,0,1,1,14
5,1,0,3,10
2,1,0,6,5
3,1,0,1,9
2,1,0,2,9
7,1,0,5,8
16,1,0,2,13
10,1,0,2,16
10,1,0,2,13
77,0,1,0,14
7,2,0,2,10
1,1,0,28,4
37,4,0,1,4
1,1,0,28,4
15,2,0,2,13
32,1,0,2,18
8,1,0,2,9
8,1,0,2,9
16,1,0,2,13
7,7,0,0,13
18,4,0,0,13
6,1,0,0,10
12,1,0,1,4
25,1,0,2,5
11,1,0,2,5
4,1,0,4,16
8,1,0,4,12
10,1,0,1,4
68,1,0,5,2
6,1,0,1,4
49,1,0,1,14
12,1,0,1,5
15,1,0,4,14
324,0,1,2,24
1,1,0,3,16
23,1,0,3,14
47,0,0,0,25
1,1,0,9,6
11,1,0,1,4
320,0,1,2,24
5,1,0,3,6
3,1,0,3,6
6,1,0,3,8
3,1,0,2,8
3,1,0,5,8
47,1,0,0,14
277,0,1,1,24
33,1,0,5,14
40,2,0,3,6
26,1,0,2,16
6,2,0,4,13
6,3,0,0,13
48,1,0,0,14
3,0,0,0,9
2,1,0,2,9
7,1,0,3,12
12,1,0,0,18
9,1,0,5,14
31,7,0,0,13
7,6,0,0,13
19,1,0,1,14
4,1,0,4,4
5,1,0,1,4
3,1,0,1,4
10,1,0,2,4
8,2,0,3,13
27,3,0,1,14
10,4,0,0,13
4,1,0,4,6
7,1,0,1,8
30,1,0,0,8
65,1,0,1,14
7,1,0,1,12
4,1,0,0,14
7,4,0,0,13
6,1,0,5,14
7,1,0,6,14
6,2,0,2,13
19,4,0,0,8
4,1,0,4,13
24,1,0,1,4
7,4,0,0,13
6,9,0,0,13
3,1,0,1,4
31,6,0,0,13
30,5,0,1,13
3,1,0,1,12
20,2,0,0,13
32,1,0,1,4
6,7,0,0,13
10,7,0,0,13
8,1,0,4,14
7,1,0,1,16
2,1,0,0,10
20,1,0,2,18
8,1,0,2,8
5,1,0,3,8
6,1,0,1,14
168,2,0,0,14
8,3,0,1,8
2,1,0,0,10
4,1,0,4,14
69,0,1,2,24
4,1,0,4,18
144,1,1,0,23
144,1,1,0,24
4,1,0,4,6
6,1,0,1,13
34,1,0,1,4
4,1,0,4,8
144,1,0,1,14
15,1,0,1,5
4,1,0,2,9
5,1,0,0,6
6,1,0,4,16
2,0,0,2,10
8,1,0,1,8
9,2,0,1,16
6,1,0,0,9
12,1,0,1,8
4,1,0,0,16
4,1,0,0,16
6,1,0,0,8
3,1,0,3,16
4,1,0,12,14
8,1,0,2,14
5,1,0,3,9
4,1,0,2,14
4,1,0,2,9
5,1,0,5,14
8,1,0,0,6
10,1,0,4,14
1,1,0,12,5
3,1,0,2,8
18,4,0,0,13
5,2,0,0,13
3,1,0,5,8
3,1,0,2,8
3679,0,1,0,24
4,1,0,4,13
5,2,0,2,16
2,2,0,2,16
13,1,0,1,8
10,0,0,0,8
23,1,0,1,4
6,1,0,0,21
15,1,0,2,1
4,1,0,4,8
41,1,0,2,12
167,2,0,2,18
1,1,0,50,14
37,4,0,0,13
13,3,0,0,13
8,1,0,2,14
12,2,0,3,6
32,2,0,1,4
55,0,0,3,14
16,1,0,1,14
2,1,0,1,16
4,0,0,3,12
9,1,0,1,8
7,1,0,1,9
3,1,0,1,16
55,0,0,3,14
18,1,0,2,17
67,1,0,1,8
54,0,1,4,14
16,1,0,2,13
7,1,0,1,9
4,1,0,30,14
4,1,0,50,2
8,1,0,2,10
3,1,0,10,14
53,1,0,4,14
11,1,0,0,4
2,1,0,1,8
7,1,0,1,9
4,0,0,0,14
5,1,0,1,8
2,1,0,2,9
2,2,0,0,9
3,1,0,0,14
4,1,0,2,9
5,1,0,0,9
13,1,0,0,9
5,1,0,1,16
6,1,0,2,9
4,1,0,2,9
3,1,0,4,14
3,1,0,3,14
8,1,0,0,9
27,1,0,0,4
12,10,0,0,13
5,1,0,1,8
4,1,0,3,8
6,1,0,1,8
10,3,0,0,13
15,2,0,1,13
3,3,0,0,13
3,3,0,0,13
4,3,0,0,13
42,0,0,0,8
24,1,0,0,6
3,1,0,5,9
4,2,0,2,8
642,1,0,6,14
5,1,0,1,4
9,1,0,10,2
6,1,0,2,8
10,1,0,0,14
11,0,0,0,14
4,2,0,2,4
1,1,0,2,4
1,1,0,3,4
1,1,0,3,4
4,2,0,3,4
1,1,0,3,4
1,1,0,3,4
1,1,0,3,4
1,1,0,3,4
1,1,0,2,4
6,2,0,0,16
1,1,0,7,9
6,2,0,3,8
20,1,0,1,4
1,1,0,6,8
60,0,0,2,14
7,1,0,1,9
21,1,0,2,17
21,1,0,2,17
2,0,0,5,5
67,3,0,4,14
3,1,0,3,8
3,1,0,2,8
7,1,0,7,6
4,1,0,7,20
16,1,0,6,10
10,1,0,6,14
11,1,0,2,12
4,2,0,3,4
280,0,1,1,14
79,0,1,1,8
88,0,1,1,22
62,0,1,1,24
10,1,0,1,13
8,3,0,0,13
16,1,0,2,13
443,0,1,1,22
2,1,0,0,4
63,0,1,6,24
1169,0,0,8,20
4,1,0,31,14
6,1,0,2,16
11,1,0,0,13
52,2,1,16,24
54,0,1,4,24
17,2,0,1,13
6,4,0,0,13
316,0,1,2,24
282,0,1,1,24
31,0,0,0,1
25,2,0,0,8
30,0,1,0,24
14,1,0,1,1
4,1,0,4,8
5,1,0,1,14
1,1,0,12,6
4,1,0,2,8
65,1,0,3,14
189,0,1,1,24
4,1,0,4,8
4,2,0,1,13
6,1,0,3,10
47,0,0,0,21
4,1,0,0,8
3,1,0,4,16
120,0,0,2,14
12,1,0,2,8
40,2,0,1,6
1,1,0,3,4
1,1,0,3,4
1,1,0,2,4
1,1,0,2,4
1,1,0,2,4
1,1,0,2,4
1,1,0,2,4
2,1,0,7,8
2,1,0,7,8
2,1,0,7,8
2,1,0,7,8
2,1,0,7,8
2,1,0,7,8
2,1,0,7,8
2,1,0,7,8
2,1,0,7,8
5,2,0,2,8
4,1,0,2,9
5,0,0,4,8
14,4,0,2,4
34,1,0,2,12
3,1,0,2,10
30,1,0,5,6
8,3,0,0,13
45,1,0,8,14
6,5,0,0,13
13,1,0,1,9
3,1,0,2,8
10,3,0,0,13
55,0,0,3,14
15,0,0,4,14
5,1,0,2,10
2,1,0,4,16
6,0,0,1,14
6,1,0,0,8
6,1,0,2,9
3,1,0,3,9
10,1,0,1,9
43,1,0,3,9
2,1,0,0,16
4,1,0,1,16
5,1,0,1,9
12,2,0,1,5
6,1,0,4,10
3,4,0,0,13
5,1,0,1,9
1,1,0,4,8
32,4,0,8,18
101,0,0,7,2
5,2,0,0,13
2,1,0,6,9
3,1,0,6,9
2,1,0,1,16
2,1,0,1,16
2,1,0,1,16
279,0,1,1,24
10,4,0,0,13
13,0,0,2,14
20,3,0,0,13
6,2,0,3,24
48,0,1,2,12
32,1,0,2,18
5,1,0,3,8
1,1,0,2,8
1,1,0,6,8
3,1,0,3,9
9,1,0,1,8
9,1,0,1,8
6,1,0,1,2
49,1,0,0,9
8,1,0,0,17
11,1,0,6,17
6,1,0,3,16
120,0,0,2,14
5,1,0,3,9
3,1,0,0,14
6,0,0,3,14
5,0,0,4,14
6,0,1,4,14
10,0,0,5,2
1,1,0,4,16
11,1,1,2,24
28,1,1,3,24
1,1,0,6,8
3,1,0,9,14
115,0,0,0,14
115,0,0,0,14
71,0,1,2,24
4,6,0,0,13
7,4,0,0,13
7,1,0,1,9
32,1,0,2,18
3679,0,1,10,7
8,1,0,2,14
15,1,0,2,18
3,2,0,1,11
264,1,0,3,7
5,1,0,10,10
18,1,0,2,17
32,1,0,2,7
7,1,0,1,9
2,1,0,32,8
4,4,0,0,13
13,4,0,0,13
8,1,0,4,10
6,2,0,0,13
1,1,0,2,8
4,1,0,0,16
11,1,0,0,16
105,1,0,2,14
8,2,0,0,8
7,2,0,1,8
5,1,0,2,9
37,4,0,0,13
4,1,0,2,18
8,1,0,1,8
1,1,0,5,16
4,0,0,0,14
2,1,0,3,8
4,1,0,2,16
1,1,0,2,16
2,1,0,4,8
1,1,0,9,14
1,1,0,3,9
7,1,0,1,16
9,1,0,2,5
4,1,0,3,5
5,2,0,2,4
4,2,0,4,13
5,1,0,1,8
13,1,0,3,13
29,2,0,1,13
5,1,0,3,13
9,1,0,2,4
10,4,0,0,13
43,0,1,2,22
4,1,0,4,8
4,1,0,4,4
8,1,0,1,16
4,6,0,0,8
7,1,0,1,16
5,1,0,1,8
19,4,0,0,13
17,4,0,0,13
8,1,0,3,8
2,1,0,3,8
2,1,0,4,8
6,4,0,0,13
6,1,0,1,16
5,1,0,1,16
1,1,0,3,8
2,1,0,5,8
1,1,0,5,8
1,1,0,2,8
32,1,0,2,18
1,1,0,3,8
1,1,0,2,8
1,1,0,5,8
13,1,0,5,10
44,0,0,4,14
-1,0,0,3,14
49,1,1,0,23
13,0,0,3,14
20,1,0,1,4
10,1,0,0,8
21,2,0,3,14
4,1,0,0,16
37,4,0,0,13
30,4,0,1,6
4,1,0,51,2
27,1,0,1,8
3,1,0,3,8
36,4,0,0,13
1191,0,1,1,24
54,0,0,2,3
4,3,0,3,16
6,1,0,0,14
34,2,0,3,10
52,0,0,4,14
18,4,0,0,13
167,2,0,2,18
4,1,0,4,8
5,1,0,2,8
43,0,0,4,14
19,2,0,2,10
8,4,0,0,13
6,3,0,0,13
3,2,0,1,11
237,15,0,1,4
4,5,0,0,13
2,3,0,0,13
57,0,1,1,24
3,8,0,0,13
18,1,0,2,14
187,2,0,3,18
4,1,0,4,14
1,1,0,3,8
5,0,0,3,14
3679,0,1,0,25
551,0,1,2,24
4,1,0,4,12
14,3,0,0,13
13,4,0,0,13
3679,0,1,0,24
65,2,0,1,14
6,1,0,2,8
8,9,0,0,13
5,1,0,0,13
4,1,0,4,4
21,8,0,0,13
4,1,0,4,13
27,5,0,0,13
13,1,0,1,14
7,2,0,4,22
18,2,0,5,13
7,1,0,2,8
4,1,0,4,8
4,1,0,0,8
12706,0,1,1,24
561,0,1,2,8
8,1,0,1,8
10,1,0,8,6
16,1,0,1,9
6,1,0,4,9
19,1,0,4,14
12890,0,1,1,6
6,1,0,4,7
11,1,0,0,13
847,0,1,1,24
4,1,0,4,10
1,1,0,25,14
16,5,0,0,13
1,1,0,2,4
7,1,0,1,4
17,0,0,7,14
6,2,0,0,13
55,0,0,4,14
55,0,0,3,14
14,4,0,0,13
16,1,0,2,13
15,1,0,3,14
5,6,0,1,16
5,6,0,1,16
1,1,0,12,5
11,1,0,1,16
4,1,0,4,8
27,1,0,1,8
23,1,0,1,4
77,0,1,1,24
6,1,0,2,12
12,1,0,2,4
19,3,0,3,10
21,1,0,2,5
366,0,1,0,1
323,0,1,4,24
77,0,1,1,24
11,1,0,6,17
3,1,0,2,17
70,0,1,2,24
6,2,0,0,14
32,1,0,4,14
23,1,0,2,5
9,1,0,2,12
19,0,0,2,12
47,3,0,1,9
9,1,0,2,9
9,1,0,3,9
2,1,0,54,14
1,1,0,6,16
19,0,0,6,14
6,1,0,1,14
4,1,0,1,16
25,1,0,10,14
2,1,0,2,8
7,1,0,1,9
9,1,0,9,14
2,1,0,12,16
12,0,0,1,14
72,0,0,1,14
22,0,0,2,14
11,1,0,6,14
721,1,0,4,2
4,1,0,4,8
3,2,0,0,4
4,1,0,4,8
4,1,0,0,8
5,1,0,1,8
5,1,0,0,16
7,1,0,0,2
4,1,0,2,16
1,1,0,6,8
5,1,0,2,16
4,1,0,4,14
3,1,0,0,16
54,0,0,0,12
4,1,0,50,2
10,0,0,5,2
4,1,0,4,8
21,0,0,1,14
6,1,0,3,10
4,1,0,0,8
6,1,0,0,9
2,1,0,2,8
31,0,0,0,4
21,1,0,0,1
21,0,0,0,13
18,2,0,1,8
54,0,0,3,14
75,3,1,0,24
10,1,0,1,4
10,1,0,1,4
10,1,0,1,4
1,1,0,12,8
7,1,0,9,8
7,1,0,1,8
1,1,0,6,4
2,1,0,0,4
2,1,0,3,8
11,1,0,0,8
3,1,0,18,4
67,0,0,2,8
4,3,0,0,13
6,1,0,2,8
12,1,0,11,9
30,3,0,2,14
2,1,0,3,16
7,1,0,5,4
7,4,0,0,13
7,1,0,2,20
7,1,0,1,16
5,3,0,2,12
41,1,0,3,14
4,1,0,1,8
6,2,0,0,16
2,1,0,1,8
6,1,0,1,8
105,1,1,2,14
642,0,1,6,24
231,0,1,2,24
55,0,0,3,14
3,2,0,1,11
18,1,0,2,17
4,1,0,4,23
18,1,0,2,17
6,1,0,5,12
6,1,0,5,12
4,1,0,4,23
4,1,0,4,8
280,0,1,1,24
8,5,0,0,13
6,1,0,2,13
55,0,0,3,14
167,0,1,1,24
4,4,0,0,8
5,11,0,0,13
4,1,0,4,8
32,1,0,2,18
5,1,0,2,17
16,1,0,2,13
48,1,0,0,14
4,1,0,4,14
15,1,0,1,14
4,2,0,0,13
4,1,0,4,14
19,4,0,0,13
17,2,0,0,13
4,2,0,0,13
32,1,0,2,18
4,1,0,4,12
15,1,0,1,16
3,4,0,0,13
17,0,0,2,8
3,1,0,3,8
6,1,0,1,4
3,1,0,1,4
2,1,0,2,8
3,1,0,2,8
3,1,0,1,16
11,1,0,1,4
6,1,0,6,10
1,0,1,2,13
4,1,0,2,8
3679,1,0,0,24
4,1,0,4,10
4,1,0,4,14
4,1,0,1,8
7,1,0,3,8
9,1,0,1,4
4,2,0,4,8
3,1,0,1,8
9,3,0,0,13
7,1,0,3,14
13,0,0,3,14
6,1,0,2,17
4,1,0,4,11
1,0,0,51,14
15,1,0,2,8
4,2,0,1,4
6,1,0,1,8
3,1,0,4,16
11,1,0,2,4
6,1,0,2,4
9,10,0,0,13
52,1,0,0,8
4,1,0,4,8
18,0,1,0,14
3,1,0,12,14
4,1,0,4,8
4,1,0,4,16
5,1,0,1,4
3,2,0,2,4
5,1,0,1,8
1,1,0,5,16
1,1,0,5,16
6,1,0,5,9
13,1,0,3,14
9,1,0,6,13
19,1,0,2,8
8,2,0,4,16
4,1,0,5,14
56,0,0,0,14
15,1,0,3,14
29,1,0,2,10
16,1,0,1,4
20,1,0,1,4
4,1,0,4,8
58,1,0,1,1
5,4,0,0,13
7,6,0,0,13
11,1,0,3,8
16,1,0,3,5
13,1,0,1,14
341,1,0,0,14
50,1,0,2,18
3,1,0,1,16
14,1,0,2,4
4,1,0,4,8
5,1,0,2,8
33,1,0,2,18
4,1,0,2,8
4,1,0,4,14
5,1,0,0,14
5,1,0,0,8
82,1,0,1,14
3,1,0,0,13
3679,0,1,0,24
80,2,0,7,13
7,1,0,1,8
192,0,1,1,24
271,0,1,1,24
41,1,0,1,14
4,1,0,4,9
2,1,0,9,8
5,1,0,2,6
11,1,0,2,17
13,1,0,2,14
8,4,0,0,13
13,1,0,4,10
7,1,0,1,16
31,0,0,3,3
54,0,1,4,24
4,1,0,7,10
2,1,0,1,16
54,0,1,4,24
6,1,0,4,8
5,1,0,2,8
5,1,0,2,8
48,0,1,3,24
393,0,1,2,24
4,1,0,7,10
2,1,0,7,8
2,1,0,7,8
2,1,0,7,8
2,1,0,7,8
101,0,1,1,24
4,1,0,7,16
690,0,1,1,24
697,0,1,1,14
4,1,0,0,16
18,1,0,3,14
9,0,1,3,24
3679,0,1,0,25
7,0,0,5,14
2,7,0,0,10
7,1,0,1,4
36,3,0,3,18
780,0,1,0,24
324,0,1,2,24
36,1,0,2,14
42,2,0,0,4
1,1,0,24,4
331,0,1,1,24
510,0,1,3,24
12,1,0,3,8
12,1,0,2,14
3,1,0,0,12
25,2,0,0,8
3,1,0,0,9
14,1,0,3,14
4,1,0,4,8
1,1,0,5,16
9,1,0,0,6
15,2,0,1,4
8,1,0,1,4
5,1,0,6,16
47,1,0,7,10
47,1,0,2,14
12,1,0,2,1
23,7,0,0,13
5,1,0,0,9
3,1,0,0,9
4,1,1,5,13
6,2,0,2,13
5,1,0,0,6
278,0,1,2,12
8,1,0,2,14
3679,0,1,9,24
24,1,0,2,14
5,2,0,2,4
6,1,0,8,6
9,1,0,2,12
6,1,0,8,8
6,1,0,1,8
3,1,0,1,8
8,1,0,1,8
8,1,0,1,8
4,1,0,1,4
4,1,0,1,16
5,1,0,1,16
11,3,0,0,13
56,0,0,3,14
4,1,0,7,10
55,0,0,3,14
15,1,0,3,14
55,0,0,3,14
55,0,0,3,14
22,2,0,4,13
9,1,0,29,24
7,1,0,0,9
80,2,0,2,14
212,1,0,0,14
50,1,0,3,6
19,1,0,0,14
25,2,0,2,10
287,0,1,2,23
18,1,0,0,14
4,1,0,4,8
4,1,0,2,9
4,1,0,2,9
2,1,0,1,9
10,1,0,1,4
11,1,0,3,1
7,1,0,6,9
2,1,0,3,8
19,4,0,0,13
12,4,0,0,13
78,1,0,2,14
13,2,0,2,4
4,1,0,4,8
36,3,0,0,13
65,2,0,1,14
76,0,0,5,2
4,1,0,4,8
56,1,0,2,18
46,1,0,4,14
10,1,0,0,14
4,1,0,2,4
4,1,0,5,14
10,1,0,1,1
10,1,0,1,1
10,1,0,1,1
8,1,0,1,4
8,1,0,4,13
11,1,0,3,14
56,0,0,12,19
48,0,1,2,23
41,0,1,0,23
31,0,1,0,24
6,1,0,3,8
88,0,1,1,24
5,2,0,0,8
17,1,1,4,24
10,1,0,1,4
4,3,0,0,13
4,3,0,0,9
12,1,0,2,9
10,2,0,2,9
6,1,0,4,10
9,2,0,2,14
65,0,1,5,24
7,2,0,0,9
277,0,1,1,24
54,0,1,4,24
18,1,0,2,17
7,1,0,1,9
54,0,1,4,24
45,4,0,1,13
18,1,0,2,14
8,1,0,2,14
1,1,0,6,8
3,1,0,2,9
55,0,0,3,14
54,0,1,4,12
25,1,0,1,4
1,1,0,1,9
2,1,0,8,10
5,4,0,0,13
5,5,0,0,13
3,1,0,2,10
6,1,0,1,8
14,2,0,3,10
324,0,1,2,24
3,1,0,0,8
63,1,0,2,14
2,1,0,4,8
2,1,0,4,8
168,2,0,0,14
7,1,0,3,4
18,1,0,3,14
4,1,0,3,6
6,1,0,3,8
5,1,0,8,8
11,3,0,0,13
4,4,0,2,8
30,1,0,4,4
2,2,0,0,4
4,1,0,2,6
12,1,0,2,14
14,1,0,3,5
12,1,0,0,14
19,0,0,2,12
23,0,0,5,14
25,0,0,7,14
8,1,0,0,8
8,0,0,4,14
12,1,0,3,6
4,1,0,17,16
39,4,0,0,14
4,1,0,4,13
7,1,0,1,9
76,3,0,1,14
55,0,0,3,14
66,1,0,1,14
103,1,0,1,14
18,1,0,2,3
3,1,0,3,8
7,1,0,1,9
52,1,0,6,18
9,1,0,3,8
10,1,0,2,14
2,1,0,1,11
2,1,0,7,14
1,1,0,3,16
10,1,0,11,14
24,1,0,1,9
7,1,0,1,9
16,1,0,2,13
3,22,0,5,13
10,2,0,3,13
5,1,0,1,8
5,1,0,1,8
5,1,0,1,8
149,1,0,2,18
20,1,0,2,18
44,0,0,3,14
4,1,0,1,16
5,1,0,1,14
282,0,1,6,24
19,1,0,1,14
3,1,0,0,6
29,1,0,0,14
11,1,0,0,14
9,1,0,0,4
12,1,0,0,14
18,4,0,0,13
7,6,0,0,13
25,6,0,0,13
32,2,0,0,13
20,2,0,1,8
19,1,0,1,8
27,1,0,1,8
4,5,0,0,13
6,8,0,0,13
6,3,0,0,13
11,5,0,0,13
10,5,0,0,13
6,2,0,0,13
18,2,0,0,13
9,2,0,0,13
4,1,0,1,8
26,4,0,2,13
8,5,0,0,13
3679,0,1,10,24
26,1,0,2,20
4,2,0,0,13
9,2,0,0,13
16,4,0,0,13
32,1,0,3,8
42,5,0,0,10
6,1,0,5,14
1,1,0,11,8
9,1,0,1,14
4,1,0,17,16
15,3,0,2,10
6,1,0,2,8
6,2,0,0,13
2349,0,1,1,24
8,1,0,4,8
6,2,0,3,2
4,1,0,4,14
5,1,0,0,6
2,1,0,3,10
6,1,0,0,16
6,1,0,2,9
7,1,0,0,9
4,1,0,0,16
3,1,0,3,9
3,1,0,3,9
4,1,0,5,4
2,1,0,3,9
3,1,0,4,14
13,1,0,2,14
2,1,0,2,14
3,1,0,3,9
1,1,0,3,8
11,1,0,2,9
3,1,0,8,14
25,1,0,3,14
6,1,0,0,6
12,1,0,2,9
1,1,0,5,5
10,2,0,0,13
3,8,0,0,13
9,7,0,0,13
3,1,0,3,8
3,1,0,5,8
3,1,0,5,8
3,1,0,4,8
19,3,0,0,13
20,1,0,1,13
50,4,0,0,13
6,11,0,0,13
11,1,0,2,12
4,1,0,4,2
13,1,0,0,17
9,1,0,29,14
41,2,0,0,2
28,0,0,0,10
76,0,1,2,23
52,0,0,4,14
40,0,1,0,23
55,0,0,3,14
3,1,0,2,6
8,5,0,0,13
1,1,0,2,8
22,1,0,1,16
18,1,0,2,17
281,0,1,2,14
26,1,0,0,10
11,1,0,3,9
6,1,0,9,10
13,1,0,2,14
14,2,0,0,13
67,1,0,1,8
67,1,0,1,8
31,2,0,2,8
2,1,0,4,8
5,1,0,3,9
8,1,0,3,14
40,1,0,2,14
40,1,0,2,14
1,1,0,3,4
1,1,0,3,4
1,1,0,3,4
1,1,0,2,4
2,1,0,7,8
2,1,0,7,8
2,1,0,7,8
2,1,0,7,8
2,1,0,7,8
2,1,0,7,8
2,1,0,7,8
2,1,0,7,8
8,1,0,2,8
7,2,0,4,8
25,2,0,2,10
9,2,0,3,10
34,2,0,3,10
4,2,0,3,8
12,1,0,0,8
12,1,0,0,14
18,2,0,0,6
12,1,0,0,8
19,2,0,3,10
2,1,0,2,8
5,0,0,4,8
6,5,0,0,13
7,0,0,3,14
69,0,0,2,1
77,0,1,1,24
167,2,0,2,18
11,1,0,2,12
5,1,0,2,9
1,1,0,19,6
7,0,0,3,9
6,1,0,0,9
144,1,1,0,24
20,1,0,2,14
5,1,0,1,8
2,3,0,0,13
9,1,0,1,4
6,1,0,2,8
20,0,0,15,14
230,0,1,2,24
1,1,0,0,16
11,1,0,3,13
90,0,0,2,18
100,0,0,0,24
4,1,0,4,8
4,1,0,1,13
20,1,0,1,4
5,1,0,6,14
3,1,0,0,9
87,0,1,1,24
7,1,0,2,8
4,1,0,2,14
32,1,0,2,19
11,1,0,1,4
32,1,0,2,18
25,2,0,1,8
32,1,0,2,13
32,1,0,2,18
6,2,0,0,13
19,0,0,2,8
57,1,0,51,14
9,5,0,0,13
7,1,0,1,9
16,1,0,2,13
35,1,0,7,14
11,1,0,1,8
55,0,0,3,15
6,3,0,0,13
7,2,0,0,13
2,3,0,0,13
7,2,0,0,13
6,4,0,0,13
43,0,1,1,19
4,2,0,2,4
16,1,0,1,13
29,0,1,6,24
78,2,0,0,14
3,1,0,0,8
65,2,0,1,14
20,2,0,2,13
98,0,0,2,14
100,0,0,0,8
20,1,0,2,14
20,1,0,2,14
1,1,0,2,4
59,1,0,3,14
7,1,0,1,16
10,2,0,1,16
6,1,0,2,4
6,1,0,3,4
4,2,0,2,4
1,1,0,2,4
4,2,0,3,4
1,1,0,3,4
4,2,0,3,4
21,1,0,1,8
4,2,0,3,4
1,1,0,3,4
1,1,0,3,4
1,1,0,3,4
1,1,0,3,4
10,18,0,1,16
8,8,0,2,14
34,1,0,0,14
56,1,0,1,14
25,1,0,1,14
2,1,0,0,9
8,1,0,2,8
3,1,0,0,9
3,1,0,3,9
26,1,0,2,20
2,1,0,0,8
6,1,0,4,9
5,1,0,0,8
3,1,0,3,1
642,0,1,6,24
167,1,0,2,18
167,2,0,2,18
3,1,0,4,14
7,1,0,1,8
6,1,0,4,14
2,1,0,3,8
3,6,0,0,13
1,1,0,4,16
5,1,0,4,13
5,1,0,1,8
8,1,0,2,9
3,1,0,0,9
2,1,0,2,9
4,1,0,0,8
8,1,0,1,8
5,1,0,0,8
3,1,0,0,14
7,2,0,0,8
6,0,0,0,14
47,0,0,0,14
17,0,0,2,14
12,2,0,1,13
2,1,0,0,16
2,1,0,0,16
2,1,0,0,16
3,1,0,0,6
834,0,1,1,24
36,4,0,0,13
6,3,0,0,13
10,1,0,1,13
2,1,0,1,16
63,0,1,6,24
63,0,1,6,24
12913,0,1,1,22
32,0,1,1,8
10,1,0,2,20
4,1,0,7,10
101,0,0,7,2
132,1,0,5,2
8,1,0,1,8
282,0,1,2,24
812,0,1,1,24
3,1,0,9,8
57,0,1,7,22
20,3,0,0,17
21,1,0,2,17
33,1,0,6,17
18,1,0,2,17
14,2,0,12,10
6,4,0,0,13
17,6,0,0,13
3,1,0,5,14
4,1,0,30,14
12,1,0,4,9
1,0,1,4,22
71,0,1,2,24
8,4,0,0,13
3,2,0,1,11
4,1,0,7,10
7,1,1,5,8
3,1,0,4,18
25,1,0,3,13
7,1,0,1,16
4,1,0,7,10
55,0,0,3,14
7,1,0,1,9
4,1,0,7,10
5,4,0,0,13
7,1,0,1,9
8,4,0,0,13
41,0,0,4,14
1,1,0,4,8
1,1,0,3,16
6,0,0,0,9
6,1,0,0,16
8,1,0,1,8
6,1,0,1,16
62,0,0,16,19
5,1,0,3,9
7,1,0,2,9
53,3,0,0,14
6,1,0,0,14
14,0,0,0,1
8,1,0,55,14
3,1,0,11,14
6,1,0,0,8
7,1,0,0,5
5,1,0,0,8
5,1,0,1,5
5,1,0,1,5
13,0,0,0,14
1,1,0,0,14
14,1,0,1,8
4,1,0,1,5
3,1,0,3,9
2,1,0,4,8
6,1,0,0,9
2,1,0,2,8
1,1,0,7,16
14,0,0,0,14
11,1,0,6,17
12,1,0,3,6
7,1,0,3,16
4,1,0,2,16
5,1,0,1,4
5,1,0,1,16
9,6,0,0,13
35,2,0,1,4
67,2,0,0,14
87,0,1,2,24
6,2,0,1,12
4,1,0,4,13
67,2,0,0,14
12,1,0,2,1
52,0,0,4,14
4,1,0,0,16
4,1,0,4,8
18,4,0,0,13
4,1,0,4,8
11,1,0,2,12
4,1,0,17,16
4,1,0,4,8
4,1,0,3,8
16,1,0,6,12
15,5,0,0,13
6,5,0,0,13
23,4,0,0,13
10,4,0,0,13
5,1,0,1,9
9,4,0,0,13
4,3,0,0,13
65,0,1,2,25
3,3,0,0,13
10,1,0,1,8
3,3,0,0,13
1,1,0,2,8
4,1,0,7,9
10,1,0,1,8
119,0,1,1,8
16,3,0,0,13
3,1,0,2,9
58,0,0,2,14
5,2,0,2,4
3,1,0,4,8
5,1,0,6,8
8,1,0,5,13
4,1,0,11,8
4,1,0,2,4
17,1,0,2,12
10,0,0,2,14
1,1,0,7,8
6,1,0,1,4
7,1,0,4,8
3679,0,1,0,8
58,0,1,2,24
3,1,0,1,4
3,1,0,1,4
6,1,0,1,4
3,1,0,1,4
5,2,0,0,13
8,1,0,3,8
7,0,0,5,14
6,1,0,1,16
324,0,1,2,14
55,0,0,3,14
1,1,0,4,8
1,1,0,4,8
1,1,0,3,16
1,1,0,2,16
3,1,0,2,9
4,1,0,2,9
2,1,0,2,9
1,1,0,2,8
1,1,0,4,8
32,2,0,3,7
1,1,0,4,8
7,6,0,0,13
1,1,0,4,8
2,0,0,2,16
1,1,0,2,8
1,1,0,3,8
14,5,0,0,13
55,0,0,3,14
1,1,0,4,8
1,1,0,3,8
7,1,0,1,9
4,1,0,2,8
1,1,0,4,8
3,1,0,4,9
836,0,1,1,14
5,1,0,2,8
1,1,0,3,8
1,1,0,3,8
1130,2,1,16,13
49,1,0,1,9
7,2,0,0,16
1,1,0,5,8
7,2,0,0,16
4,11,0,1,13
5,1,0,5,14
5,0,0,3,10
5,0,0,3,14
5,0,0,4,14
16,1,0,1,10
5,0,0,6,14
6,0,0,3,14
3,1,0,3,9
2,1,0,0,4
5,1,0,2,13
4,1,0,0,16
41,2,0,0,2
115,0,0,0,14
3,1,0,0,8
1,1,0,6,16
4,1,0,4,8
49,1,0,0,8
5,1,0,7,6
1,1,0,6,4
60,1,0,0,4
24,1,0,0,2
28,2,0,1,4
19,1,0,0,4
2,1,0,0,16
3,2,0,3,9
1,0,0,51,14
1,0,0,51,14
4,1,0,4,8
21,0,0,1,14
12,1,0,2,1
30,4,0,1,6
3,1,0,0,16
5,1,0,0,8
3,1,0,31,14
4,1,0,4,8
8,1,0,5,12
8,3,0,0,13
4,4,0,0,13
4,3,0,0,13
12,4,0,1,13
65,2,0,1,14
4,1,0,5,10
7,3,0,0,13
6,4,0,0,13
5,3,0,0,13
2775,4,0,0,24
4,1,0,4,8
116,0,1,1,24
8,1,0,1,14
5,2,0,0,4
2,1,0,2,13
4,1,0,4,13
3,1,0,5,8
5,1,0,2,8
4,1,0,4,8
75,1,1,1,24
5,9,0,0,13
87,0,1,2,24
1,1,0,5,8
3,2,0,0,13
10,1,0,1,8
204,2,1,1,14
1683,0,1,1,12
11,1,0,0,13
2,1,0,3,9
1,1,0,6,19
7,1,0,1,9
7,1,0,3,4
15,1,0,2,14
33,5,0,0,13
6,1,0,3,12
10,8,0,0,13
9,1,0,5,8
1,1,0,5,8
55,0,0,3,14
60,0,0,5,14
101,0,0,3,14
115,112,0,1,14
7,2,0,2,9
12,1,0,0,18
149,1,0,6,18
7,2,0,1,14
9,1,0,3,6
317,0,1,2,12
41,1,0,2,14
167,1,0,2,18
64,1,0,3,14
27,1,0,2,6
8,1,0,2,14
28,0,0,5,14
22,0,1,2,14
320,0,1,2,24
23,0,0,5,14
10,1,0,4,6
50,0,0,2,14
1,1,0,64,14
38,1,0,1,9
6,1,0,3,10
5,1,0,12,9
74,0,0,2,14
14,1,0,13,14
7,1,0,3,9
9,0,0,37,9
3,1,0,3,10
4,1,0,1,5
10,1,0,1,6
6,1,0,2,8
8,3,0,0,13
5,1,0,1,4
5,2,0,0,13
4,1,0,1,16
7,1,0,1,16
8,1,0,2,8
12,2,0,0,13
4,1,0,4,8
4,1,0,4,8
16,1,0,4,12
7,1,0,2,14
9,1,0,1,4
57,0,1,2,24
279,0,1,1,24
8,1,0,1,4
11,2,0,1,8
4,1,0,4,16
3,3,0,0,13
4,1,0,4,17
1,1,0,6,8
1193,0,1,1,24
8,1,0,1,8
3,1,0,1,16
4,1,0,4,8
49,1,1,0,23
839,0,1,1,24
5,1,0,0,23
32,4,0,8,18
5,0,0,2,8
215,0,0,1,20
167,0,1,1,24
10,1,0,1,16
17,1,0,1,8
4,10,0,0,13
5,1,0,1,10
5,4,0,0,13
10,4,0,0,13
4,1,0,4,23
16,1,0,1,8
5,1,0,0,6
3,2,0,1,11
16,1,0,2,12
26,1,0,0,10
4,3,0,0,13
159,0,1,1,24
120,0,1,0,24
8,3,0,0,13
21,2,0,3,13
6,1,0,2,16
5,1,0,4,16
4,1,0,4,13
5,2,0,0,13
5,1,0,2,16
5,1,0,1,16
60,0,0,3,3
4,2,0,5,14
6,1,0,3,16
188,1,0,0,14
4,1,0,0,8
8,1,0,1,8
3,1,0,2,8
1,1,0,2,8
4,1,0,4,8
2532,2,0,0,14
18,0,1,1,24
4,1,0,2,18
4,1,0,4,13
4,1,0,3,8
5398,0,1,1,24
4,1,0,4,8
2,1,0,2,8
9,1,0,4,20
3679,0,1,0,25
553,1,0,2,16
5,1,0,1,8
8,6,0,0,13
4,1,0,1,8
5,1,0,1,16
642,0,1,6,21
54,1,0,2,12
4,1,0,6,14
12,1,0,2,4
282,0,1,6,24
282,0,1,6,24
41,6,0,3,2
115,0,0,0,14
13,1,0,2,9
15,25,0,0,2
62,0,0,16,12
9,1,0,0,8
9,0,0,6,12
10,1,0,4,6
1,1,0,6,4
1,1,0,4,16
1,1,0,4,16
28,1,0,3,14
64,1,0,1,8
58,0,0,6,20
5,7,0,0,13
11,1,0,0,8
1002,16,0,1,8
47,1,0,2,18
276,1,0,2,14
50,1,0,2,18
41,5,1,2,2
2,1,0,2,9
5,1,0,1,14
23,1,0,1,4
4,1,0,0,8
50,1,0,2,18
38,1,0,2,18
33,1,0,2,18
33,1,0,2,18
33,1,0,2,18
4,1,0,2,8
50,1,0,2,18
24,1,0,0,4
24,1,0,5,14
8,6,0,0,13
22,1,0,5,13
21,1,0,0,6
10,1,0,2,14
22,1,0,2,14
4,1,0,2,8
24,1,0,0,4
4,1,0,0,8
5,1,0,0,16
25,4,0,2,18
8,3,0,0,13
1,1,0,8,4
1,1,0,5,8
13,1,0,2,14
2,1,0,14,11
40,0,1,4,22
1,1,0,10,8
11,1,0,0,8
14,1,0,4,14
8,5,0,1,13
1,1,0,0,4
16,1,0,2,4
7,2,0,0,13
19,3,0,0,13
27,0,0,1,14
35,3,0,0,13
6,2,0,0,13
11,0,1,3,9
18,1,0,3,14
17,1,0,1,4
10,1,0,3,13
6,1,0,1,4
15,1,0,3,14
31,0,0,0,1
4,1,0,4,8
23,1,0,1,4
6,1,0,2,12
6,1,0,2,14
510,0,1,1,24
5,4,0,0,13
7,1,0,2,8
5,1,0,2,8
10,2,0,0,8
13,2,0,0,4
2,7,0,0,10
2,2,0,2,16
4,1,0,1,14
5,3,0,0,13
55,0,0,3,14
32,1,0,2,18
18,1,0,2,17
11,1,0,1,16
21,0,1,5,14
10,2,0,0,13
15,3,0,0,13
7,2,0,3,9
5,1,0,4,9
12,2,0,0,8
1194,0,1,2,24
6,3,0,0,8
7,1,0,1,14
3,2,0,3,9
4006,43,4,6,8
3679,0,1,0,25
4006,43,4,6,24
8,1,0,1,16
21,8,0,0,13
4,1,0,4,13
46,0,0,5,14
7,1,0,0,20
21,1,0,2,10
6,1,0,8,6
4,1,0,0,8
13,1,0,1,9
331,0,1,1,24
331,0,1,2,12
229,0,1,1,8
320,0,1,2,24
8,2,0,9,14
24,1,0,0,13
64,1,0,3,14
9,1,0,4,8
24,2,0,2,2
14,1,0,0,14
6,1,0,1,8
10,1,0,9,10
7,1,0,1,8
7,1,0,1,8
8,1,0,1,8
4,1,0,1,16
10,1,0,1,8
39,1,0,2,14
7,1,0,1,9
4,1,0,7,10
41,2,0,3,19
2,1,0,1,16
7,2,0,1,9
4,1,0,7,10
19,1,0,3,14
55,0,0,3,10
15,1,0,3,14
6,2,0,0,13
7,1,0,1,4
7,2,0,2,9
15,1,0,3,14
7,1,0,1,9
18,1,0,2,17
55,0,0,3,14
55,0,0,3,14
55,0,0,3,14
31,0,1,0,24
4,1,0,7,4
3,2,0,1,16
3,1,0,0,10
9,1,0,1,8
11,1,0,3,5
24,0,1,2,14
29,1,0,1,5
5,1,0,2,5
4,1,0,2,5
29,1,0,2,10
9,1,0,4,10
4,1,0,4,9
16,1,0,2,9
7,1,0,6,14
3,1,0,2,16
2,1,0,2,16
43,1,0,1,5
6,1,0,1,4
23,4,0,0,13
58,0,0,6,20
16,1,0,2,6
2,1,0,2,4
16,1,0,1,14
52,1,0,0,8
71,0,0,3,14
6,1,0,3,6
28,1,0,1,14
7,1,0,2,8
29,1,0,0,12
20,1,0,2,12
15,2,0,2,17
15,2,0,2,17
9,1,0,4,14
15,2,0,1,4
11,0,0,5,14
6,4,0,0,13
5,6,0,0,13
7,1,0,1,9
65,0,1,5,24
7,1,0,1,9
6,1,0,4,2
2,1,0,7,8
2,1,0,7,8
7,1,0,1,8
8530,0,1,9,23
7,1,0,1,4
63,0,1,6,24
2,1,0,1,16
4,1,0,1,12
48,0,1,2,14
7,1,0,1,9
3,1,0,2,4
16,1,0,2,13
101,0,1,1,22
101,0,1,1,21
9,2,0,2,13
56,1,0,2,14
10,1,0,0,14
18,1,0,1,8
11,1,0,4,14
4,1,0,4,14
15,0,0,4,14
56,0,0,5,14
1,1,0,11,8
3,1,0,0,5
1256,0,1,1,24
1,1,0,13,8
3,1,0,0,2
3,1,0,3,9
4,1,0,2,16
22,1,0,2,6
3,1,0,2,5
61,1,0,2,9
11,1,0,1,14
21,1,0,2,5
25,1,0,2,17
24,3,0,1,8
6,2,0,0,13
4,1,0,7,10
7,1,0,1,9
10,1,0,9,14
10,1,0,1,14
67,3,0,4,14
4,1,0,7,10
7,1,0,5,8
6,2,0,3,10
1,1,0,2,8
4,1,0,6,9
54,0,1,4,24
8,4,0,0,13
3,1,0,17,14
6,1,0,2,9
9,1,0,1,16
1,1,0,3,16
1,1,0,3,16
7,1,0,1,9
2,1,0,6,10
7,1,0,1,8
39,3,0,0,13
4,1,0,7,2
12,1,0,2,8
9,1,0,1,16
8,1,0,1,8
4,1,0,1,9
9,1,0,10,14
3,1,0,0,8
1,1,0,2,16
73,0,0,6,14
4,1,0,4,8
20,1,0,2,14
1,1,0,11,6
9,1,0,4,14
56,1,0,3,14
234,0,1,1,8
3,1,0,3,10
19,1,0,3,5
11,1,0,1,8
21,1,0,3,5
6,2,0,1,5
13,1,0,2,8
13,1,0,2,8
5,1,0,3,4
320,0,1,2,24
4,1,0,4,2
32,1,0,2,5
283,0,1,2,12
77,0,1,0,14
9,1,0,0,14
29,1,0,0,14
146,1,1,0,24
4,1,0,2,6
6,1,0,3,9
36,1,0,0,14
6,1,0,2,9
22,2,0,4,13
32,1,0,4,14
4,1,0,4,13
4,1,0,1,8
9,3,0,2,13
278,0,1,1,24
16,1,0,1,14
28,1,0,3,14
36,1,0,1,8
5,1,0,1,8
15,6,0,0,13
8,1,0,0,9
7,1,0,2,14
9,2,0,0,9
10,5,0,0,13
14,0,0,0,12
33,0,0,4,12
13,1,0,2,5
13,1,0,2,5
22,3,0,0,13
5,1,0,2,8
22,1,0,2,5
5,1,0,4,4
21,1,0,1,8
2,1,0,2,16
4,1,0,2,16
16,1,0,1,8
10,1,0,1,1
4,1,0,0,16
6,1,0,4,13
4,1,0,4,13
20,1,0,2,14
77,0,1,4,23
56,0,0,12,19
12,1,0,2,4
12,1,0,3,4
5,1,0,0,8
17,1,0,3,6
31,0,1,0,24
19,3,0,0,13
25,2,0,1,4
3,1,0,1,16
2,0,0,5,14
55,0,0,3,8
10,0,1,1,8
2,1,0,2,9
7,3,0,0,13
4,1,0,4,9
55,0,0,3,14
5,1,0,2,9
16,1,0,2,13
7,1,0,1,9
19,1,1,0,13
2,1,0,8,10
25,1,0,3,13
18,2,0,0,13
40,2,0,3,6
13,2,0,3,10
7,1,0,1,9
22,2,0,0,13
7,1,0,1,8
2,1,0,1,16
10,0,1,1,14
6,1,0,4,8
5326,4,1,5,13
4,1,0,7,8
12,1,0,2,13
65,0,1,1,1
32,1,0,2,18
11,8,0,0,13
7,1,0,1,8
4,1,0,20,14
7,1,0,1,9
4,1,0,7,20
10,3,0,0,13
12,2,0,1,13
5,1,0,2,14
5,1,0,1,8
4,1,0,0,9
149,1,0,6,18
28,1,0,0,10
31,6,0,0,13
10,5,0,0,13
1,1,0,5,16
20,1,0,0,9
7,6,0,0,13
11,5,0,0,13
9,3,0,0,13
5,1,0,0,4
10,1,0,1,4
7,4,0,0,13
5,1,0,2,9
21,1,0,1,8
7,1,0,2,9
3679,0,1,0,24
12,2,0,1,13
4,1,0,4,8
50,1,0,3,14
4,5,0,0,13
21,1,0,1,4
25,6,0,0,13
7,4,0,0,13
31,5,0,0,13
5,1,0,1,8
8,2,0,0,13
5,2,0,0,13
13,5,0,0,13
17,4,0,0,13
15,4,0,0,13
10,3,0,0,13
12,1,0,0,14
64,12,0,0,16
16,1,0,1,16
42,5,0,0,10
3,1,0,6,16
24,1,0,6,14
12,5,0,0,10
5,1,0,1,14
1,1,0,6,8
11,1,0,2,14
7,1,0,1,14
28,0,0,5,14
56,1,0,3,14
3,2,0,0,13
11,1,0,1,16
4,1,0,4,8
66,1,0,2,18
5,1,0,1,5
9,1,0,2,14
4,1,0,2,9
65,1,0,3,14
8,1,0,0,10
6,1,0,4,16
6,1,0,4,16
41,1,0,2,14
6,0,0,3,14
4,1,0,6,9
1,1,0,3,16
2,1,0,2,9
11,1,0,2,14
3,1,0,2,14
3,1,0,3,9
25,1,0,3,14
5,1,0,4,9
3,2,0,3,8
9,4,0,5,13
13,3,0,0,13
24,5,0,0,13
12,2,0,0,13
6,9,0,0,13
3,1,0,5,8
20,4,0,0,13
7,4,0,0,13
7,1,0,1,16
6,1,0,0,8
1,1,0,11,4
642,1,0,6,14
30,4,0,1,4
3,1,0,0,16
4,1,0,4,8
8,1,0,2,14
32,0,0,4,14
12,1,0,2,16
5,1,0,1,8
13,0,0,4,14
2,1,0,5,10
10,0,0,3,14
281,0,1,1,24
7,1,0,1,9
3,2,0,1,14
1,1,0,4,4
1,1,0,4,6
1,1,0,7,8
6,2,0,1,9
6,1,0,2,5
39,1,0,2,18
8,1,0,2,12
1,1,0,15,8
6,4,0,3,8
5,1,0,1,4
2,2,0,0,9
4,1,0,8,10
16,1,0,2,13
4,1,0,1,9
7,1,0,1,9
20,1,0,2,17
38,1,0,4,14
9,1,0,3,8
2,1,0,2,16
4,1,0,2,16
5,1,0,2,4
3,1,0,3,8
7,2,0,2,8
3,1,0,3,8
3,1,0,1,9
3,1,0,1,9
16,2,0,1,8
14,2,0,3,9
4,1,0,5,14
11,1,0,2,9
8,3,0,0,13
71,0,0,4,14
10,1,0,4,14
23,1,0,1,14
3,1,0,5,10
1,1,0,18,14
1,2,0,8,8
19,0,0,1,14
4,1,0,0,8
12,1,0,0,9
23,0,0,4,14
8,1,0,1,8
13,0,0,0,9
8,1,0,1,8
4,1,0,1,8
2,1,0,0,8
54,0,0,1,14
5,1,0,0,9
5,1,0,1,16
5,2,0,1,8
5,1,0,1,16
2,1,0,0,16
6,1,0,3,16
3,1,0,0,16
13,1,0,5,10
4,2,0,3,4
7,1,0,1,9
10,1,0,2,13
10,3,0,0,13
10,1,0,1,13
10,3,0,1,8
6,1,0,1,4
286,0,1,1,24
32,1,0,2,18
9,4,0,1,13
55,0,0,3,14
55,0,0,3,15
6,1,0,2,12
834,0,1,1,24
12,2,0,2,2
32,1,0,2,18
282,0,1,1,24
6,1,0,1,4
19,1,0,1,13
6,1,0,2,10
835,0,1,1,24
282,0,1,1,24
1,1,0,3,4
1,1,0,2,4
1,1,0,2,4
2,1,0,7,8
2,1,0,7,8
2,1,0,7,8
2,1,0,7,8
2,1,0,7,8
2,1,0,7,8
2,1,0,7,8
2,1,0,7,8
2,1,0,7,8
2,1,0,7,8
2,1,0,7,8
19,3,0,3,10
19,2,0,3,10
5,1,0,2,9
78,2,0,3,14
1,1,0,5,8
10,1,0,1,8
54,0,0,2,12
14,1,0,1,4
144,1,1,0,24
23,1,0,2,5
1,1,0,8,6
1,1,0,10,6
15,1,0,5,14
6,1,0,1,14
4,1,0,5,8
5,1,0,4,8
21,1,0,2,14
90,0,0,2,18
4,1,0,4,13
96,0,1,2,14
12,1,0,4,8
20,1,0,1,4
167,2,0,2,18
30,4,0,1,6
2,1,0,10,8
8,9,0,2,14
17,1,0,2,9
5,1,0,0,16
3,1,0,0,9
3,1,0,3,8
3,1,0,3,8
23,2,0,2,18
6,0,0,2,9
2,2,0,1,8
61,2,0,0,13
9,1,0,3,4
35,2,0,3,8
7,8,0,0,13
105,1,1,2,14
3,1,0,3,8
5,3,0,0,13
10,3,0,0,13
3,8,0,0,13
7,1,0,2,8
34,1,0,1,8
16,1,0,3,6
7,1,0,1,9
53,0,0,5,14
3,2,0,1,11
20,2,0,3,12
3,2,0,1,11
19,0,0,2,8
16,0,0,3,12
4,1,0,7,10
2,1,0,1,16
55,0,0,3,14
6,2,0,0,13
11,2,0,0,13
12865,0,1,1,24
12,4,0,0,13
10,2,0,0,13
6,1,0,2,10
7,1,0,1,9
77,0,1,1,24
8,1,0,1,8
13,1,0,3,4
4,2,0,2,4
1,1,0,2,4
1,1,0,2,4
30,1,0,3,14
12,1,0,2,12
6,1,0,3,4
101,0,0,1,14
87,1,0,1,14
7,1,0,0,8
1,1,0,2,4
1,1,0,3,4
1,1,0,3,4
1,1,0,3,4
1,1,0,4,14
1,1,0,3,8
1,1,0,4,8
1,1,0,4,8
101,0,0,7,2
1,1,0,3,16
1,1,0,5,4
1169,0,0,8,20
16,1,0,2,12
7,1,0,1,4
4,8,0,7,6
16,1,0,17,14
55,0,0,3,14
4,8,0,7,6
2,1,0,11,14
3,1,0,11,14
34,1,0,7,8
7,1,0,2,9
1,1,0,3,8
1,1,0,2,8
4,1,0,2,9
1,1,0,3,16
1,1,0,3,8
10,2,0,0,13
10,2,0,0,13
176,2,1,16,23
14,5,0,0,13
6,1,0,4,2
1,1,0,4,8
1,1,0,6,16
2,1,0,4,9
6,1,0,4,2
5,1,0,0,6
38,1,0,0,9
38,1,0,3,9
38,1,0,1,9
49,1,0,1,9
6,2,0,2,9
3,1,0,0,9
3,1,0,3,9
5,1,0,10,10
2,1,0,4,14
9,1,0,1,8
6,0,0,3,14
6,0,0,3,14
6,0,0,4,14
9,1,0,2,17
1,1,0,4,16
16,1,0,2,6
8,2,0,2,9
2,1,0,4,17
5,1,0,10,14
115,0,0,0,14
4,1,0,4,17
5,1,0,4,8
282,0,1,1,24
847,0,1,1,24
759,0,1,1,24
655,0,1,1,24
88,0,1,1,24
2,1,0,1,16
7,2,0,0,13
13,2,0,0,13
4,6,0,0,13
8,5,0,0,13
10,3,0,0,13
6,1,0,5,12
8,1,0,2,14
16,1,0,1,4
4,1,0,2,9
4,1,0,2,6
54,0,1,4,24
22,1,0,1,4
10,0,0,7,10
2054,2,0,2,18
7,4,0,0,13
5,1,0,11,2
5,4,0,0,13
5,1,0,1,8
12,1,0,0,9
2,1,0,2,9
6,1,0,0,9
7,1,0,0,9
2,1,0,4,14
8,1,0,1,9
1,1,0,4,5
10,1,0,1,5
1,1,0,4,8
1,1,0,5,16
18,1,0,3,6
1,1,0,5,8
1,1,0,10,8
55,1,0,1,14
6,1,0,2,9
167,2,0,2,18
5,1,0,2,8
29,1,0,2,18
1,1,0,3,4
1,1,0,2,4
2,1,0,7,8
8,1,0,4,14
25,2,0,0,8
10,0,0,5,2
24,1,0,3,6
6,1,0,0,8
7,1,0,1,16
13,1,0,4,10
65,2,0,1,14
64,1,0,3,14
55,1,0,2,14
277,0,1,1,24
9,1,0,4,14
48,1,0,0,14
12,1,0,0,14
41,2,0,0,2
5,1,0,10,14
7,1,0,0,20
10,2,0,1,16
64,1,0,3,14
7,2,0,2,9
29,1,0,1,5
4,3,0,0,13
5,3,0,4,16
9,4,0,0,8
6,1,0,2,9
8,1,0,1,4
2,1,0,1,16
847,0,1,1,24
36,1,0,2,10
9,1,0,1,14
2,3,0,0,13
17,0,0,5,14
234,0,1,1,24
54,0,1,4,24
55,0,0,3,14
12,4,0,0,13
55,0,0,4,12
5,6,0,1,13
1,1,0,17,14
11,1,0,2,12
21,0,0,1,14
6,4,0,0,13
5,2,0,0,13
6,1,0,2,12
4,1,0,4,8
3679,0,1,0,21
65,2,0,1,14
6,2,0,2,9
27,1,0,1,6
34,2,0,3,10
4,1,0,4,8
4,1,0,17,16
9,3,0,0,13
4,1,0,4,18
1246,0,1,1,24
4,1,0,4,14
16,1,0,6,12
4,6,0,0,13
5,1,0,2,10
32,1,0,2,18
187,2,0,3,18
2,1,0,3,8
57,0,1,2,25
3,3,0,0,13
187,2,0,3,18
187,2,0,3,18
28,0,1,1,20
3,6,0,0,13
1,1,0,3,8
18,1,0,2,9
5,4,0,0,13
124,0,1,7,25
8,0,0,4,14
1,1,0,8,8
4,1,0,4,8
5,0,0,2,8
19,7,0,0,13
5,5,0,0,13
6,1,0,4,8
4,1,0,4,13
5,1,0,1,8
4,1,0,4,8
8,2,0,0,13
6,3,0,0,13
11,1,0,1,14
3,1,0,1,4
1,1,0,2,8
2,1,0,2,9
11,1,0,2,13
32,2,0,3,7
21,4,0,0,13
6,4,0,0,13
3,1,0,2,9
1,1,0,4,8
1,1,0,4,8
1,1,0,4,8
1,1,0,2,8
1,1,0,4,8
1,1,0,3,8
1,1,0,3,8
1,1,0,4,8
1,1,0,2,8
2,1,0,2,9
57,0,0,3,14
12,0,0,0,14
6,1,0,2,8
10,1,0,1,5
10,4,0,0,13
12,0,0,0,14
5,1,0,2,8
77,0,0,2,14
6,1,0,0,9
27,1,0,2,6
2,1,0,55,14
2,1,0,52,14
10,1,0,2,14
15,1,0,0,17
10,1,0,4,14
1,1,0,10,4
8,1,0,2,5
2,1,0,2,8
2,1,0,2,8
7,1,0,1,9
7,1,0,1,9
1,1,0,12,16
1,1,0,6,16
47,3,0,2,9
35,1,0,1,5
10,1,0,5,14
131,1,0,2,18
126,0,0,1,20
12,0,0,6,2
4,1,0,12,4
4,1,0,4,8
115,1,0,0,2
4,1,0,4,14
1,1,0,5,8
4,1,0,1,16
4,1,0,0,16
167,2,0,2,18
22,0,0,1,14
21,0,0,1,14
6,1,0,4,16
3,1,0,3,9
13,1,0,2,17
3,1,0,0,4
9,1,0,0,5
1,1,0,6,16
4,1,0,4,13
4,1,0,4,8
65,2,0,1,14
4,1,0,4,8
12,5,0,0,13
28,4,0,0,13
9,6,0,0,13
5,1,0,4,16
19,1,0,1,19
34,1,0,9,14
17,2,1,4,24
4,1,0,2,16
10,1,0,8,6
14,1,0,2,4
6,1,0,3,10
7,1,0,1,16
122,0,1,1,8
452,0,1,2,24
37,0,1,2,24
9,2,0,2,14
7,1,0,1,9
2,1,0,5,8
10,1,0,1,4
55,0,0,3,14
3,0,1,2,14
9,0,1,2,9
11,2,0,0,8
6,1,0,4,10
3,3,0,0,16
7,1,0,1,9
2,1,0,1,16
54,0,1,4,24
10,2,0,1,9
54,0,1,4,24
7,0,0,2,14
16,1,0,2,14
7,2,0,0,9
5,3,0,0,13
4,1,0,7,10
318,0,2,1,24
25,0,1,6,14
7,1,0,1,8
5,1,0,1,16
30,4,0,0,13
13,1,0,1,4
9,2,0,0,13
30,4,0,0,13
14,8,0,0,13
20,3,0,0,13
3,1,0,0,9
3,1,0,1,8
3,1,0,0,10
2,1,0,0,17
4,1,0,4,8
2,1,0,0,16
10,1,0,0,16
7,1,0,1,9
4,1,0,7,10
32,1,0,2,18
6,1,0,5,12
4,1,0,4,8
4,1,0,7,10
211,0,1,2,24
10,0,1,5,22
41,0,1,2,24
2,1,0,3,16
6,4,0,0,12
3,1,0,1,8
6,4,0,0,12
1,1,0,8,4
2,1,0,3,4
54,0,0,0,14
6,2,0,2,9
141,0,0,0,24
6,0,0,5,10
68,2,0,5,2
9,2,0,3,4
19,7,0,0,13
10,1,0,0,8
5,1,0,1,14
8,2,0,1,4
21,1,0,1,4
5,1,0,1,4
13,1,0,1,14
5,1,0,3,4
9,1,0,3,4
2,1,0,4,16
9,1,0,2,4
141,0,0,11,14
4,1,0,0,5
9,1,0,2,4
10,2,0,2,13
4,1,0,4,16
18,2,0,3,14
11,1,0,1,8
17,1,0,1,4
19,2,0,2,1
19,1,0,2,14
54,2,0,0,13
50,2,0,0,13
7,2,0,1,13
5,1,0,3,14
22,1,0,7,13
11,1,0,0,14
7,1,0,4,14
10,1,0,0,13
10,1,0,2,13
8,1,0,5,13
9,1,0,2,8
5,1,0,3,9
4,1,0,4,12
29,1,0,1,14
20,1,0,1,4
31,0,0,0,8
7,1,0,1,8
13,1,0,2,14
36,1,0,6,13
4,1,0,2,8
4,1,0,4,8
6,7,0,0,13
50,1,0,2,18
47,0,0,0,14
4,1,0,10,13
13,1,0,1,4
1,1,0,5,16
50,1,0,2,18
4,1,0,2,8
50,1,0,2,18
50,1,0,2,18
50,1,0,2,18
38,1,0,2,18
6,1,0,2,8
100,1,0,2,18
4,1,0,2,8
47,0,0,0,14
4,1,0,0,8
6,1,0,1,14
12,1,0,2,4
9,1,0,1,4
5,4,0,0,13
12,1,0,2,4
21,0,0,0,14
12,1,0,6,13
7,2,0,10,16
70,0,1,2,24
28,1,0,1,14
7,1,0,3,14
6,1,0,2,12
45,0,0,1,14
34,1,1,2,14
13,2,0,6,13
17,1,1,4,14
18,0,0,4,14
14,1,0,2,19
7,1,0,2,19
24,1,0,1,13
5,1,0,2,8
6,2,0,8,6
67,0,0,2,1
10,1,0,4,8
36,1,0,2,12
4,1,0,3,8
70,0,1,2,24
4,1,0,4,18
76,2,0,6,13
11,1,0,1,8
18,4,0,0,13
4,1,0,4,13
73,7,0,0,14
18,3,0,0,13
1,3,0,0,8
109,0,1,2,24
7,3,0,0,13
8,4,0,0,13
5,4,0,0,13
8,1,0,1,8
10,2,0,0,13
11,4,0,0,13
7,3,0,0,13
22,1,0,3,8
1193,0,1,1,24
10,2,0,0,13
4,1,0,4,8
216,0,1,1,24
4,1,0,4,8
4,1,0,4,8
100,1,0,0,8
18,1,0,2,17
54,0,1,4,22
280,0,1,1,24
48,1,0,0,14
7,2,0,0,13
10,6,0,0,13
14,3,0,0,13
159,0,1,1,24
4,1,0,4,8
11,1,0,2,4
22,4,0,0,13
6,1,0,1,16
2,1,0,3,8
8,1,0,1,8
8,4,0,0,13
4,1,0,4,8
4,1,0,4,8
4,1,0,4,14
8,1,0,1,16
1,1,0,5,8
24,1,0,3,6
3679,0,1,0,24
5,1,0,0,9
68,1,0,2,14
7,1,0,5,14
7,1,0,6,9
337,0,1,3,12
4,1,0,3,16
6,2,0,2,8
12,1,0,0,14
5,1,0,0,9
3,1,0,0,8
3,1,0,0,8
56,0,0,12,19
70,0,1,4,24
186,0,1,2,19
277,0,1,1,24
8,1,0,0,9
3679,0,1,9,24
64,1,0,3,14
18,4,0,0,13
9,1,0,0,9
10,1,0,2,9
3,1,0,1,16
3,1,0,1,8
4,1,0,1,4
4,1,0,1,4
4,1,0,1,4
8,1,0,1,16
3,1,0,1,16
5,1,0,1,16
5,1,0,1,16
2,1,0,6,10
6,1,0,1,14
6,1,0,1,8
55,0,1,2,14
6,2,0,3,8
3,2,0,1,11
2,1,0,1,16
18,1,0,2,17
41,2,0,0,2
18,0,1,20,20
4,1,0,7,10
6,2,0,4,8
7,1,0,5,8
4,2,0,0,13
7,2,0,1,16
4,1,0,10,8
5,1,0,4,1
55,0,0,3,14
8,3,0,0,13
40,0,1,2,14
10,1,0,1,8
7,1,0,1,9
7,1,0,1,9
4,1,0,7,10
12,2,0,0,13
3679,0,1,10,24
7,1,0,1,9
4,2,0,0,8
4,2,0,0,9
7,1,0,1,8
6,1,0,4,10
7,1,0,1,9
5,2,0,0,13
12,4,0,0,13
24,1,0,3,14
15,1,0,2,4
20,1,0,2,5
24,1,0,1,1
14,0,0,5,14
35,1,0,4,14
36,1,0,2,14
5,1,0,0,9
75,0,1,4,24
2,1,0,6,16
1,1,0,11,4
3,1,0,2,8
22,1,0,0,10
4,2,0,1,13
18,1,0,0,6
15,1,0,1,8
48,1,0,3,14
49,1,0,3,14
5,1,0,0,9
5,1,0,0,9
7,1,0,0,16
100,1,0,0,8
10,4,0,0,13
98,0,0,2,14
15,1,0,0,14
9,1,0,0,14
10,1,0,0,14
4,1,0,4,9
64,1,0,2,14
4,1,0,4,8
5,1,0,1,9
4,1,0,1,8
9,1,0,2,2
10,1,0,3,14
14,2,0,2,4
10,4,0,0,13
14,0,0,0,9
13,3,0,2,12
21,3,0,0,13
56,1,0,1,14
30,1,0,2,5
4,1,0,4,14
23,3,0,0,13
7,1,0,1,9
100,0,0,100,18
7,1,1,3,15
76,3,0,1,14
4,1,0,11,14
101,0,1,1,24
7,1,0,1,9
6,1,0,4,8
36,1,0,5,14
18,1,0,2,3
4,1,0,7,10
7,1,0,1,9
39,3,0,0,13
55,0,0,3,14
10,1,0,10,13
101,0,1,1,14
56,0,1,1,14
6,1,0,2,8
6,3,0,0,8
7,1,0,1,19
21,6,0,0,13
116,4,0,3,14
31,0,1,0,24
3,1,0,1,11
6,1,0,5,12
10,1,0,1,14
6,1,0,2,5
18,1,0,2,8
7,1,0,1,23
4,1,0,7,10
137,2,0,3,14
117,5,0,6,14
55,0,0,3,14
19,2,0,1,4
9,1,0,1,5
18,1,0,2,17
7,2,0,0,13
46,1,0,2,14
139,0,1,20,25
6,2,0,0,13
4,1,0,6,10
44,1,0,2,18
23,1,0,1,9
6,1,0,2,5
6,4,0,0,13
11,0,0,4,14
10,1,0,1,16
4,1,0,3,8
4,1,0,2,4
7,2,0,1,4
7,1,0,1,4
101,0,1,1,22
3,1,0,1,16
2,1,0,2,19
5,1,0,2,9
11,1,0,2,14
54,0,1,4,8
7,1,0,2,16
7,1,0,1,9
3,1,0,3,6
6,1,0,1,16
9,1,0,3,12
8,1,0,4,14
5,2,0,0,13
1,1,0,3,16
32,0,1,1,14
7,1,0,1,9
835,0,1,1,14
6,1,0,0,13
15,2,0,2,13
24,1,0,1,4
14,1,0,2,10
15,2,0,3,10
2,1,0,4,4
19,1,0,1,16
6,1,0,2,16
13,1,0,1,4
13,1,0,1,4
13,1,0,1,4
11,1,0,0,5
5,1,0,1,8
6,1,0,4,13
48,1,0,2,23
49,1,1,0,23
2,1,0,3,5
8,1,0,5,14
12,1,0,1,14
4,1,0,4,14
12,1,0,2,4
12,1,0,3,4
7,1,0,2,8
56,1,0,2,14
31,0,1,5,24
31,0,1,0,24
31,0,1,0,24
31,0,1,0,24
7,1,0,3,14
9,1,0,2,5
7,1,0,6,9
58,0,1,3,14
4,1,0,0,16
4,1,0,4,1
21,1,0,2,5
6,1,0,1,5
14,1,0,3,10
4,1,0,3,12
15,2,0,2,17
15,2,0,2,17
56,0,0,3,14
11,0,0,5,14
11,1,0,5,14
9,1,0,4,14
54,0,0,2,12
1,1,0,2,16
42,1,0,1,14
47,0,0,0,21
26,1,0,2,14
2,1,0,2,16
2,1,0,2,16
75,1,1,1,24
4,1,0,3,6
5,1,0,3,6
20,1,0,1,4
10,1,0,0,8
20,1,0,1,5
29,2,0,3,6
5,1,0,3,8
12,1,0,2,5
320,0,1,2,24
11,1,0,2,5
2,1,0,4,8
19,1,0,2,14
11,1,0,1,16
5,1,0,1,8
56,1,0,1,14
4,1,0,0,8
146,1,0,2,18
9,1,0,3,4
32,3,0,3,13
6,1,0,3,8
13,2,0,4,10
28,5,0,0,13
7,4,0,0,13
282,0,1,6,24
18,4,0,0,13
6,8,0,0,13
3679,0,1,9,24
22,5,0,0,13
27,1,0,1,4
30,1,0,1,8
17,1,0,1,8
34,1,0,0,8
30,1,0,1,14
28,1,0,0,14
10,1,0,3,10
1169,0,0,8,20
4,11,0,1,13
9,1,0,29,20
6,2,0,1,4
24,3,0,0,13
25,2,0,1,5
7,2,0,4,4
10,1,0,2,4
10,1,0,1,4
3,1,0,1,4
5,1,0,1,4
7,6,0,0,13
28,5,0,0,13
7,6,0,0,13
9,1,0,3,4
5,1,0,3,9
13,4,0,0,13
10,8,0,0,13
167,2,0,2,18
8,1,0,8,12
2,11,0,0,14
13,0,1,2,14
7,3,0,0,13
5,4,0,0,13
3,1,0,3,8
3679,0,1,0,24
8,2,0,2,16
2,2,0,2,16
17,1,0,3,13
11,1,0,1,16
5,2,0,1,16
4,1,0,1,8
4,1,0,0,20
4,1,0,4,1
10,0,0,5,2
6,4,0,0,13
8,1,0,2,14
6,4,0,0,13
76,0,1,2,23
69,0,0,2,1
45,0,1,1,23
167,2,0,2,18
11,2,0,7,14
6,1,0,2,14
6,1,0,2,14
7,1,0,1,9
6,4,0,3,8
4,1,0,7,10
3,0,0,3,8
11,2,0,4,6
38,0,0,3,14
5,1,0,2,6
57,0,0,3,12
3,2,0,1,9
10,1,0,2,14
31,0,0,6,14
59,1,0,1,8
7,1,0,1,4
55,0,0,3,14
22,0,0,2,14
5,1,0,1,9
4,1,0,3,8
10,3,0,0,13
9,1,0,3,4
11,1,0,1,16
4,1,0,4,2
11,1,0,2,12
4,1,0,4,8
2,1,0,5,10
5,1,0,1,8
1,1,0,4,8
5,1,0,3,8
12,5,0,0,13
366,0,1,0,1
4,1,0,4,12
6,0,0,3,14
4,1,0,1,16
167,2,0,2,18
8,1,0,6,14
9,1,0,2,12
3,1,0,1,16
6,1,0,2,16
5,1,0,0,14
8,1,0,0,9
5,1,0,0,6
1,1,0,5,4
54,0,0,2,14
8,1,0,2,9
7,2,0,0,16
4,1,0,0,16
3,1,0,3,9
4,1,0,2,9
6,1,0,5,14
4,1,0,3,14
3,1,0,4,14
5,1,0,2,9
3,1,0,0,16
62,0,0,16,14
5,1,0,1,8
8,3,0,0,13
4,1,0,2,9
2,1,0,4,16
5,1,0,0,9
2,11,0,0,14
6,1,0,0,8
14,1,0,2,8
2,1,0,4,5
7,1,0,1,8
4,1,0,0,14
4,0,0,1,8
5,0,0,0,8
8,1,0,0,8
47,5,0,0,14
47,5,0,0,14
5,1,0,1,16
56,0,0,9,14
3,1,0,1,5
56,0,0,9,14
2,1,0,0,16
2,1,0,0,16
6,1,0,3,16
4,1,0,0,16
10,2,0,1,8
9,2,0,1,8
4,1,0,1,16
17,1,0,1,4
17,1,0,3,14
2,1,0,13,9
8213,0,1,1,21
54,0,1,4,14
7,1,0,1,4
55,0,0,3,14
3,1,0,9,4
4,2,0,16,14
4,1,0,1,8
17,1,0,19,14
7,1,0,2,8
3,1,0,2,8
1,1,0,6,8
3,1,0,2,8
3,1,0,1,9
2,1,0,1,16
14,0,0,3,14
5,1,0,2,9
5,1,0,8,10
18,1,0,2,14
55,0,0,3,14
4,1,0,0,8
5,1,0,0,14
3,2,0,2,9
28,0,0,2,14
3,2,0,2,9
2,1,0,2,9
101,1,0,1,14
6,1,0,2,9
64,1,0,0,14
4,1,0,2,9
5,1,0,1,9
14,1,0,3,14
4,1,0,3,9
7,2,0,0,9
2,1,0,4,9
2,1,0,0,8
47040,1,0,0,8
5,1,0,0,16
6,0,0,0,8
3,1,0,0,4
28,10,0,0,13
30,1,0,1,6
30,5,0,1,13
15,6,0,0,13
4,1,0,4,8
5,1,0,2,9
70,0,1,0,24
28,2,0,1,4
5,1,0,2,4
5,6,0,0,13
4,1,0,2,9
8,3,0,2,12
24,0,1,3,14
4,1,0,2,17
20,2,0,1,12
4,1,0,4,8
4,1,0,2,8
100,1,0,0,23
25,3,0,0,13
4,1,0,50,13
7,1,0,3,16
9,1,0,0,5
4,1,0,4,13
4,2,0,2,4
4,2,0,3,4
9,1,0,1,13
7,1,0,1,9
3,1,0,9,8
10,1,0,1,13
7,1,0,1,9
32,4,0,8,18
9,1,0,4,10
7,1,0,1,8
2579,4,0,4,18
2,1,0,1,24
282,0,1,2,24
70,0,1,2,24
4,3,0,0,13
17,2,0,1,13
6,8,0,0,13
8,5,0,0,13
41,4,0,0,13
282,0,1,1,24
847,0,1,1,24
1,1,0,3,4
1,1,0,3,4
1,1,0,2,4
2,1,0,7,8
2,1,0,7,8
2,1,0,7,8
2,1,0,7,8
2,1,0,7,8
2,1,0,7,8
2,1,0,7,8
2,1,0,7,8
2,1,0,7,8
2,1,0,7,8
2,1,0,7,8
3,1,0,1,8
3,1,0,1,8
16,6,0,0,13
3,1,0,1,8
5,0,0,2,8
12,1,0,0,22
3,1,0,3,6
7,2,0,2,16
1,1,0,2,8
2,1,0,1,16
197,0,0,7,14
54,0,1,4,20
2,1,0,1,16
3,1,0,3,8
32,1,0,2,18
31,1,0,2,14
10,2,0,0,13
5,2,0,0,13
12,2,0,0,13
9,2,0,0,13
4,2,0,2,4
98,0,1,3,24
30,0,1,0,24
4,1,0,6,20
10,1,0,1,14
96,0,0,2,14
13,1,0,1,8
2,1,0,6,14
1,1,0,2,4
1,1,0,3,4
1,1,0,3,4
1,1,0,3,4
4,2,0,3,4
4,2,0,3,4
1,1,0,3,4
282,0,1,1,24
566,0,1,1,24
7,1,0,1,9
88,0,1,1,24
205,0,1,1,24
6,1,0,1,9
43,0,0,7,14
7,1,0,2,7
1,44,0,14,14
32,1,0,2,18
18,2,0,0,10
54,0,1,4,24
14,5,0,0,13
3,1,0,9,19
1,1,0,3,10
11,1,0,1,16
10,1,0,1,8
17,1,0,1,14
4,1,0,0,16
11,1,0,2,2
5,1,0,0,9
6,1,0,1,16
5,1,0,0,8
2,1,0,5,10
7,1,0,2,9
3,1,0,3,9
9,1,0,3,14
10,1,0,0,5
7,1,0,0,9
12,5,0,0,13
2,1,0,2,14
35,1,0,1,5
10,1,0,1,5
4,1,0,2,5
7,1,0,1,14
3,1,0,0,8
77,0,1,1,24
4,1,0,4,8
100,0,0,0,24
30,0,1,0,24
3,1,0,31,14
15,1,0,2,1
3,1,0,2,17
8,2,0,2,9
28,1,0,3,14
50,0,0,2,14
11,1,0,3,14
366,0,1,0,1
26,1,0,0,12
13,1,0,1,8
6,1,0,2,12
3,1,0,4,9
10,1,0,2,8
5,1,0,2,9
5,2,0,0,13
5,3,0,0,13
3,1,0,2,9
8,3,0,0,9
65,0,1,1,24
2,1,0,1,16
18,4,0,0,13
5,1,0,5,6
13,1,0,1,8
5,1,0,2,19
1,1,0,7,8
17,0,0,5,14
13,1,0,9,10
15,1,0,3,14
10,1,0,2,12
5,1,0,4,19
10,1,0,1,8
10,19,0,0,13
55,0,0,3,14
32,4,0,2,25
22,1,0,1,16
1,1,0,5,8
5,6,0,1,16
55,0,0,3,14
2,1,0,1,16
20,1,0,2,17
7,1,0,1,9
7,6,0,0,13
32,1,0,2,18
7,1,0,1,9
7,1,0,1,9
944,0,1,1,8
1,1,0,4,8
1,1,0,4,8
2,1,0,2,9
4,1,0,2,9
10,2,0,0,13
8,1,0,0,17
4,1,0,3,5
3,1,0,3,9
11,1,0,6,17
11,1,0,6,17
11,1,0,1,8
5,1,0,3,10
22,3,0,2,5
8,1,0,1,8
10,5,0,0,13
30,4,0,1,6
5,0,0,4,14
5,0,0,5,14
6,0,0,2,14
1,1,0,3,16
5,2,0,2,10
5,1,0,66,2
1,1,0,11,4
115,0,0,0,14
18,3,0,4,13
4,2,0,0,13
331,0,1,1,24
8,0,0,7,13
8,1,0,6,13
11,4,0,0,13
43,1,1,2,22
7,0,0,2,14
11,0,0,2,14
4,1,0,4,1
4,1,0,5,14
5,2,0,0,16
6,1,0,4,8
4,1,0,4,8
7,1,0,1,16
4,1,0,4,8
70,0,1,2,24
4,1,0,1,4
7,4,0,0,13
4,1,0,1,4
7,1,0,1,1
5,1,0,4,8
4,1,0,2,8
1,1,0,5,8
1,1,0,2,8
1,1,0,2,8
1,1,0,3,8
10,1,0,1,16
1,1,0,2,8
1,1,0,3,8
1,1,0,8,8
1,1,0,2,8
1,1,0,2,8
7,1,0,1,9
1,1,0,6,8
14,0,0,0,14
10,1,0,0,5
12,0,0,1,14
21,1,0,1,14
7,1,0,1,8
2,1,0,0,14
6,1,0,0,9
3,1,0,31,14
3,1,0,3,14
9,1,0,55,14
8,3,0,0,9
5,4,0,0,13
10,1,0,2,9
10,1,0,2,9
23,1,0,3,14
8,1,0,3,6
9,1,0,1,9
1,1,0,6,16
1,1,0,12,16
21,1,0,23,14
42,2,0,0,14
6,1,0,0,8
120,2,0,5,14
21,1,0,2,6
6,1,0,2,14
43,0,0,5,14
12,4,0,0,13
15,1,0,3,14
6,1,0,2,8
8,1,0,2,4
3,2,0,1,11
2,1,0,1,11
401,4,0,2,18
16,0,0,2,14
11,1,0,1,8
57,0,1,2,25
6,3,0,0,13
69,0,0,4,14
4,1,0,4,8
1,1,0,5,8
7,2,0,2,8
7,0,0,0,4
7,1,0,1,4
6,0,0,2,14
14,1,0,1,9
2,1,0,6,16
114,0,1,1,10
204,0,1,1,8
5,3,0,0,13
14,4,0,0,13
27,3,0,1,14
4,1,0,2,16
12,1,0,2,1
5,1,0,2,9
5,0,0,4,14
5,0,0,4,14
3,2,0,3,8
67,2,0,0,14
167,2,0,2,14
24,2,0,0,10
11,1,0,2,13
25,1,0,3,8
2,1,0,4,4
20,1,0,1,4
4,2,0,0,13
11,1,0,6,17
4,1,0,4,24
3,1,0,0,8
7,2,0,0,14
4,1,0,4,8
23,1,0,1,4
26,1,0,0,10
17,1,0,0,2
17,1,0,0,2
6,1,0,1,8
2,1,0,0,16
1,0,0,51,14
4,1,0,4,12
4,1,0,4,14
5,1,0,2,16
4,1,0,4,8
4,1,0,4,8
4,1,0,4,1
12,4,0,0,13
8,3,0,0,13
65,2,0,1,14
4,2,0,0,13
75,4,1,0,24
4,1,0,4,8
26,3,0,0,13
24,5,0,0,13
4,3,0,7,8
75,3,1,0,24
27,5,0,0,13
1,2,0,0,13
13,7,0,0,13
87,0,1,2,24
5,1,0,1,4
6,1,0,1,4
7,1,0,1,16
4,1,0,1,16
4,1,0,1,16
6,1,0,1,8
8,1,0,1,4
11,1,0,2,8
19,7,0,0,13
7,6,0,0,13
4,1,0,4,18
8,1,0,1,4
12,1,0,2,8
2,1,0,3,8
4,1,0,2,4
12,3,0,0,13
5,2,0,4,8
11,3,0,0,13
4,1,0,4,8
54,0,1,4,24
55,0,0,3,14
32,1,0,3,18
11,1,0,1,14
114,1,0,1,14
153,0,0,1,14
167,1,0,2,18
15,1,0,1,14
55,0,0,2,12
6,1,0,0,8
61,2,0,9,13
12,0,0,7,2
2527,2,0,0,14
2532,0,1,1,24
2,1,0,3,16
23,0,0,2,14
170,0,1,1,24
6,1,0,5,20
4,1,0,4,8
3679,0,1,0,18
4,1,0,4,8
11,4,0,0,13
4,1,0,4,8
8,4,0,0,13
6,4,0,0,13
5,5,0,0,13
7,1,0,1,16
5,4,0,0,13
12,3,0,5,13
141,0,0,11,14
50,1,0,2,18
4,1,0,4,10
5,1,0,4,8
13,1,0,1,4
50,1,0,2,18
50,1,0,2,18
52,1,0,2,18
50,1,0,2,18
50,1,0,2,18
38,1,0,2,18
38,1,0,2,18
5,1,0,2,8
4,1,0,4,8
50,1,0,2,18
10,1,0,0,4
15,1,0,0,4
12,1,0,1,8
10,1,0,1,8
4,1,0,4,8
11,1,0,5,13
7,2,0,0,13
16,1,0,1,20
4,2,0,0,8
7,1,0,2,8
4,1,0,5,16
3,1,0,3,1
7,2,0,1,9
3679,0,1,10,24
211,0,2,4,24
7,0,0,2,14
8,2,0,2,16
324,0,1,2,24
6,3,0,0,9
25,3,0,0,13
12,3,0,0,13
7,1,0,1,9
2,1,0,1,16
4,1,0,7,10
38,0,1,6,14
65,0,1,5,24
21,1,0,0,6
17,1,0,1,4
4,1,0,2,16
28,1,0,2,10
14,1,0,2,4
19,1,0,2,4
9,1,0,1,8
2,1,0,6,16
3,2,0,7,16
4,1,0,4,8
22,1,0,1,14
12,1,0,1,20
111,0,1,0,25
10,1,0,1,15
10,1,0,1,14
23,1,0,2,14
43,1,1,0,22
6,1,0,3,8
21,1,0,0,4
6,0,2,0,14
4,1,0,5,17
16,3,0,0,13
3,2,0,0,13
4,1,0,4,8
9,1,0,2,14
4,1,0,4,14
5,4,0,0,13
4,1,0,4,8
5,1,0,6,6
54,0,1,4,25
1,1,0,5,4
8,4,0,0,13
133,0,1,1,24
11,1,0,2,8
4,1,0,4,1
2,1,0,15,8
7,1,0,3,14
5,1,0,1,8
19,1,0,3,6
1,1,0,3,8
7,2,0,1,14
10,1,0,4,13
13,1,0,4,6
4,1,0,4,13
56,0,0,1,14
16,1,0,1,4
42,0,0,0,3
4,1,0,4,14
20,1,0,3,14
24,8,0,0,13
11,1,0,1,8
6,1,0,2,12
4,1,0,4,8
4,1,0,4,8
60,1,0,0,4
4,1,0,4,8
5,1,0,0,10
5,1,0,0,9
14,1,0,0,4
22,1,0,1,4
5,1,0,1,4
47,1,0,0,14
4,1,0,0,8
8,1,0,1,4
5,1,0,1,5
8,1,0,2,16
4,1,0,0,8
22,1,0,0,13
7,2,0,0,13
16,3,0,0,9
1241,0,1,2,24
7,1,0,1,4
16,1,0,2,13
3679,0,1,10,24
18,1,0,2,17
6,1,0,4,3
42,0,1,2,24
20,3,0,0,17
12,9,0,0,13
24,1,0,3,6
19,2,1,1,23
67,2,0,0,14
8,1,0,0,5
6,1,0,1,14
5,1,0,0,9
2,1,0,0,9
13,5,0,7,14
14,2,0,2,4
10,1,0,8,6
2,1,0,0,8
4,1,0,0,8
4,1,0,0,8
1241,0,1,2,24
1242,0,1,1,24
324,0,1,1,24
24,1,0,3,14
5,2,0,2,4
5,7,0,0,13
64,1,0,3,14
4,1,0,4,14
1,1,0,5,8
9,2,0,0,9
6,1,0,1,8
8,1,0,1,8
2,1,0,1,16
5,1,0,1,16
5,1,0,1,16
10,0,0,4,14
4,1,0,3,17
54,0,1,4,24
41,1,2,0,19
7,1,0,1,9
55,0,0,3,14
55,0,0,3,14
55,0,0,3,14
3679,0,1,10,21
3679,0,1,10,21
7,1,0,1,4
3,2,0,1,11
10,1,0,1,13
13,1,0,2,14
7,1,0,1,4
250,0,1,4,24
55,0,0,3,10
55,0,0,3,14
4,1,0,7,10
7,1,0,1,6
6,1,0,1,18
36,1,0,0,14
4,1,0,4,8
13,1,0,2,17
108,0,1,1,22
45,4,0,1,13
12,1,0,0,14
8,2,0,0,14
284,0,1,1,24
41,1,0,3,14
331,0,1,2,12
3,1,0,0,9
1241,0,1,2,24
4,1,0,4,8
3,1,0,0,12
3,2,0,0,10
3,1,0,5,16
18,1,0,0,6
1,1,0,3,9
46,1,0,3,14
2,1,0,2,16
26,1,0,1,4
4,1,0,1,16
5,1,0,1,16
61,1,0,2,9
14,2,0,1,13
4,1,0,2,14
2,1,0,5,16
2,1,0,2,9
6,1,0,4,4
12,1,0,2,1
18,1,0,2,18
5,1,0,2,16
1,1,0,5,16
67,0,1,1,24
27,1,0,1,14
26,1,0,0,14
4,1,0,4,13
98,0,1,3,24
15,1,0,2,6
9,1,0,3,6
5,1,0,1,16
5,1,0,0,9
69,0,1,2,24
12,1,0,3,4
4,3,0,3,4
12,2,0,1,16
32,2,0,1,4
45,4,0,1,13
20,2,0,1,8
76,2,0,6,13
2,1,0,4,14
15,1,0,3,6
5,1,0,2,9
4,1,0,7,10
57,0,1,2,24
8,5,0,0,13
16,1,0,1,8
3,1,0,2,4
7,1,0,4,9
4,1,0,1,8
37,4,0,1,4
18,2,0,5,13
320,0,1,2,24
25,1,0,1,4
37,3,0,1,4
25,2,0,4,13
4,1,0,2,9
4,1,0,7,10
40,2,0,3,6
21,1,0,0,14
324,0,1,2,24
324,0,1,2,24
34,2,0,4,14
1,1,0,5,16
54,1,0,5,14
4,1,0,3,6
11,1,0,2,14
12,2,0,1,5
3,1,0,3,4
12,1,0,3,8
77,0,1,1,24
186,0,1,2,19
30,4,0,1,6
12,1,0,2,5
11,1,0,2,5
8,1,0,2,16
3,1,0,2,17
3,1,0,2,17
69,1,0,2,1
22,1,0,2,14
67,0,1,1,24
101,0,1,1,24
7,1,0,1,4
18,1,0,2,10
101,0,1,1,24
6,1,0,1,8
3,1,0,1,20
16,1,0,2,13
8,2,0,2,9
36,3,0,3,3
39,3,0,0,13
21,0,1,3,14
29,0,1,2,14
6,1,0,5,12
55,0,0,3,14
7,1,0,1,4
55,0,0,3,14
7,1,0,1,9
2,5,0,0,13
4,1,0,2,9
55,0,0,3,14
15,1,0,1,8
5,1,0,1,8
14,1,0,3,5
5,1,0,8,5
23,1,0,2,5
23,1,0,2,5
12,1,0,4,14
32,1,0,0,14
21,2,0,0,13
9,1,0,2,8
5,1,0,3,8
7,1,0,3,6
4,1,0,4,9
25,0,0,4,14
52,1,0,0,11
15,2,0,2,17
15,2,0,2,17
8,1,0,4,10
11,0,0,5,14
4,1,0,4,9
25,1,0,2,17
6,2,0,1,9
1,1,0,1,16
101,0,1,1,18
1,1,0,3,16
1,1,0,3,16
26,1,0,5,14
46,1,0,2,14
13,1,0,2,6
2,1,0,1,9
11,0,0,7,14
8,1,0,1,9
6,2,0,1,9
7,1,0,3,8
30,1,0,2,1
26,1,0,0,12
14,1,0,0,14
26,1,0,0,8
4,1,0,1,8
26,3,0,0,13
21,3,0,0,13
12,1,0,1,13
67,1,0,2,14
10,0,0,2,14
6,2,0,0,13
31,1,0,2,4
5,1,0,1,8
5,1,0,1,8
12,9,0,0,13
6,4,0,0,13
22,5,0,0,13
32,1,0,4,14
55,1,0,2,14
36,1,0,1,14
9,1,0,1,16
30,1,0,3,14
847,0,1,2,24
2376,0,1,3,24
30,5,0,1,13
14,0,0,0,14
5,1,0,2,14
21,1,0,4,14
31,5,0,0,13
3,1,0,1,4
9,1,0,2,5
4,1,0,4,8
6,4,0,0,13
21,2,0,3,14
50,1,0,0,8
111,0,0,4,14
55,0,0,2,12
50,1,0,1,8
21,4,0,0,13
195,0,0,0,14
4,1,0,6,14
12,9,0,0,13
21,2,0,3,14
9,1,0,29,14
3,1,0,5,8
72,1,0,0,14
117,1,0,1,14
9,1,0,2,14
72,1,0,0,14
6,8,0,0,13
32,1,0,1,4
10,4,0,0,13
6,1,0,3,8
6,4,0,0,13
6,4,0,0,13
5,2,0,0,13
3,1,0,2,4